-- phpMyAdmin SQL Dump
-- version 3.1.5
-- http://www.phpmyadmin.net
--
-- Serveur: dossiers.techniques.sql.free.fr
-- Généré le : Ven 28 Septembre 2018 à 23:51
-- Version du serveur: 5.0.83
-- Version de PHP: 5.3.9

SET SQL_MODE="NO_AUTO_VALUE_ON_ZERO";


/*!40101 SET @OLD_CHARACTER_SET_CLIENT=@@CHARACTER_SET_CLIENT */;
/*!40101 SET @OLD_CHARACTER_SET_RESULTS=@@CHARACTER_SET_RESULTS */;
/*!40101 SET @OLD_COLLATION_CONNECTION=@@COLLATION_CONNECTION */;
/*!40101 SET NAMES utf8 */;

--
-- Base de données: `dossiers_techniques`
--

-- --------------------------------------------------------

--
-- Structure de la table `Commentaires`
--

CREATE TABLE IF NOT EXISTS `Commentaires` (
  `support_ID` smallint(5) NOT NULL,
  `ordre` tinyint(1) NOT NULL default '0' COMMENT 'présentation',
  `texte` text collate latin1_general_ci NOT NULL,
  `lien` varchar(64) collate latin1_general_ci NOT NULL
) ENGINE=MyISAM DEFAULT CHARSET=latin1 COLLATE=latin1_general_ci;

--
-- Contenu de la table `Commentaires`
--

INSERT INTO `Commentaires` (`support_ID`, `ordre`, `texte`, `lien`) VALUES
(14, 2, 'dessin de l&apos;&eacute;clat&eacute;', ''),
(0, 1, 'configuration contenant &eacute;corch&eacute; disponible', ''),
(0, 3, 'sous ensemble fixe', ''),
(0, 4, 'sous ensemble mobile', ''),
(14, 1, 'contient deux configuraions compl&eacute;mentaires', ''),
(0, 0, 'site de l&apos;auteur', 'http://laparrej.free.fr/pro_sw.htm'),
(1, 1, 'chaque axe fait l&apos;objet d&apos;une configuration dans le fichier But&eacute;e', ''),
(1, 2, '&eacute;clat&eacute; sur un fichier séparé', ''),
(1, 3, 'contient les dessins de d&eacute;finition', ''),
(2, 1, 'pas de contrainte limite pour la tige de v&eacute;rin', ''),
(2, 2, 'contient des configurations', ''),
(2, 3, 'ne contient pas le dessin d&apos;ensemble', ''),
(15, 1, 'maquette bloqu&eacute;e', ''),
(15, 1, 'dessins de d&eacute;finition', ''),
(3, 1, 'le fichier s&apos;apelle Assemblage2', ''),
(3, 2, 'la maquette est mobile', ''),
(3, 3, 'pas de simulation des clapets', ''),
(5, 1, 'une des configurations est un &eacute;corch&eacute;', ''),
(5, 2, 'maquette fixe', ''),
(5, 3, 'source : J&eacute;r&ocirc;me Laparre', 'http://laparrej.free.fr/pro_sw.htm#e'),
(6, 1, 'source J&eacute;r&ocirc;me Laparre', 'http://laparrej.free.fr/pro_sw.htm#e'),
(6, 1, 'maquette construite &agrave; partir des classes d&apos;&eacute;quivalence', ''),
(8, 0, 'contient d&apos;autres dessins que le dessin d&apos;ensemble', ''),
(8, 0, 'dans le commerce', 'https://www.bricodepot.fr/beauvais/mini-coupe-tube/prod5924/'),
(9, 0, 'les rouleaux ne roulent pas correctement sur la came', ''),
(9, 1, 'dessin d''&apos;ensemble absent', ''),
(10, 0, 'par défaut le corps est cach&eacute;', ''),
(10, 1, 'rajout d&apos;une contrainte limite', ''),
(11, 0, 'contient une configuration pour les &eacute;tapes de l&apos;assemblage', ''),
(12, 2, 'plusieurs fichiers au lieus d&apos;utiliser des configurations', ''),
(12, 1, 'le fichier pr&eacute;henseur pour &eacute;tude d''ouverture permet de voir le fonctionnement', ''),
(18, 0, 'Ajout d&apos;une contrainte limite pour simuler les fins de course angulaire du levier.', '');

-- --------------------------------------------------------

--
-- Structure de la table `Items_menu`
--

CREATE TABLE IF NOT EXISTS `Items_menu` (
  `support_ID` smallint(5) unsigned NOT NULL,
  `item` tinyint(1) unsigned NOT NULL,
  `sous_item` tinyint(1) unsigned NOT NULL default '0',
  `texte` text collate latin1_general_ci NOT NULL,
  `script` varchar(20) collate latin1_general_ci NOT NULL,
  `param1` text collate latin1_general_ci NOT NULL,
  `param2` text collate latin1_general_ci NOT NULL,
  `param3` text collate latin1_general_ci NOT NULL,
  `param4` text collate latin1_general_ci NOT NULL,
  UNIQUE KEY `support-page unique` (`support_ID`,`item`,`sous_item`)
) ENGINE=MyISAM DEFAULT CHARSET=latin1 COLLATE=latin1_general_ci;

--
-- Contenu de la table `Items_menu`
--

INSERT INTO `Items_menu` (`support_ID`, `item`, `sous_item`, `texte`, `script`, `param1`, `param2`, `param3`, `param4`) VALUES
(0, 1, 0, 'Mise en situation', 'image_dessous', 'Mise en situation', 'mes.png', 'Ce bouton permet d&apos;alimenter &eacute;lectriquement un appareil, tant qu&apos;une action est exerc&eacute;e sur le bouton.', ''),
(0, 2, 0, 'Diagramme pieuvre', 'image_dessus', 'Diagramme pieuvre', 'pieuvre.png', 'Fonctions du bouton-poussoir:</p>\r\n<ul>\r\n<li>Fp : fermer un circuit &eacute;lectrique lorsque l&apos;utilisateur appuie sur le bouton.</li>\r\n<li>F1 : isoler &eacute;lectriquement l&apos;utilisateur du circuit &eacute;lectrique.</li>\r\n<li>F2 : se fixer sur le pupitre de mani&egrave;re rapide et d&eacute;montable</li>\r\n<li>F3 : assurer une liaison compl&egrave;te et d&eacute;montable des fils du circuit &eacute;lectrique</li>\r\n<li>F4 : avoir un bel aspect</li>\r\n</ul>', '750'),
(0, 3, 0, 'Dessin d&apos;ensemble', 'dessin_densemble', 'dessin_BP', 'BP', '', ''),
(0, 4, 0, '&Eacute;clat&eacute;', 'eclate', 'eclate_BP', 'BP', '', ''),
(0, 5, 0, 'Nomenclature', 'nomenclature', '', '', '', ''),
(1, 1, 0, 'Mise en situation', 'image_dessous', 'Mise en situation', 'MES.png', 'La &laquo; but&eacute;e de positionnement 5 axes &raquo; permet de positionner rapidement, pr&eacute;cis&eacute;ment et de mani&egrave;re r&eacute;p&eacute;titive les pi&egrave;ces, \r\nsur une machine outil dot&eacute;e d&apos;une rainure en T, pour les diff&eacute;rentes op&eacute;rations d&apos;usinage.', ''),
(1, 4, 0, 'Nomenclature', 'nomenclature', '', '', '', ''),
(1, 3, 0, '&Eacute;clat&eacute;', 'eclate', 'eclate_butee', 'butee', '', ''),
(2, 1, 0, 'Mise en situation', 'MES', 'photo1et2_mes.png', 'photo34_et4bis_mes.png', '', ''),
(2, 2, 0, 'Fonctionnement', 'fonctionnement', '', '', '', ''),
(2, 2, 1, '&Eacute;tape 1', 'image_dessous', '&Eacute;tape 1', 'position1.png', 'L&apos;op&eacute;rateur met en place les branches de frein sur le posoir.<br>Nota: le flasque avant est cach&eacute;', ''),
(2, 2, 2, '&Eacute;tape 2', 'image_dessous', '&Eacute;tape 2', 'position2.png', 'Le v&eacute;rin pneumatique de bridage est actionn&eacute; en premier de fa&ccedil;on &agrave; bloquer les branches dans le posoir sur leur partie avant.<br>Nota: le flasque avant est cach&eacute;', ''),
(2, 2, 3, '&Eacute;tape 3', 'image_dessous', '&Eacute;tape 3', 'position3.png', 'Ensuite, le v&eacute;rin pneumatique de cambrage actionne par l&apos;interm&eacute;diaire de la bielle le basculeur qui pivote autour de deux axes (28). Le basculeur soul&egrave;ve alors la partie arri&egrave;re des branches de frein pour leur donner la forme souhait&eacute;e.<br>Nota: le flasque avant est cach&eacute;', ''),
(2, 3, 0, 'Caract&eacute;ristiques', 'caracteristiques', '', '', '', ''),
(2, 4, 0, 'Dessin d&apos;ensemble', 'dessin_densemble', 'dessin_cambreuse', 'cambreuse', '', ''),
(2, 5, 0, '&Eacute;clat&eacute;', 'eclate', 'eclate_cambreuse', 'cambreuse', '', ''),
(3, 1, 0, 'Mise en situation', 'MES', 'mes.png', 'cric_reel.png', '', ''),
(3, 2, 0, 'Fonctionnement', 'fonctionnement', '', '', '', ''),
(3, 2, 1, 'Mont&eacute;e', 'montee', 'action_manuelle.png', '', '', ''),
(3, 2, 2, 'Descente', 'descente', 'action_manuelle_descente.png', 'decharge.png', '', ''),
(3, 3, 0, 'Analyse fonctionnelle', 'image_dessus', 'Diagramme pieuvre', 'pieuvre.png', '<b>FP</b> : Soulever une charge</p>\r\n<p><b>FC1</b> : Transformer l&apos;&eacute;nergie m&eacute;canique de l&apos;utilisateur</p>\r\n<p><b>FC2</b> : S&apos;adapter aux dimensions de la charge</p>\r\n<p><b>FC3</b> : R&eacute;sister aux efforts transmissibles</p>\r\n<p><b>FC4</b> : &Ecirc;tre facilement manipulable</p>\r\n<p><b>FC5</b> : &Eacute;viter le levage de charges trop lourdes</p>\r\n<p><b>FC6</b> : S&apos;adapter au milieu ext&eacute;rieur', ''),
(3, 4, 0, 'Dessin d&apos;ensemble', 'dessin_densemble', 'dessin_cric', 'cric', '', ''),
(3, 5, 0, 'Nomenclature', 'nomenclature', '', '', '', ''),
(3, 6, 0, '&Eacute;clat&eacute;', 'eclate', 'eclate_cric', 'cric', '', ''),
(4, 1, 0, 'Mise en situation', 'image_dessous', 'Mise en situation', 'mise_en_situation.png', 'Le cric roulant est utilis&eacute; par les mainteneurs de v&eacute;hicules automobiles l&eacute;gers afin d&apos;effectuer des op&eacute;rations de maintenance o&ugrave; il y a n&eacute;cessit&eacute; de soulever une partie du v&eacute;hicule.</p> \r\n<p>Exemple: soulever une partie du v&eacute;hicule de mani&egrave;re &agrave; d&eacute;monter une roue dans le but d&apos;en changer le pneumatique.', ''),
(4, 2, 0, 'Fonctionnement', 'fonctionnement', '', '', '', ''),
(4, 2, 1, 'mont&eacute;e', 'monte', 'vis2descente.png', 'fermer_vis2descente.png', 'pomper.png', ''),
(4, 2, 2, 'descente', 'descend', 'vis2descente.png', 'ouvrir_vis2descente.png', '', ''),
(4, 2, 3, 'pr&eacute;cautions d&apos;utilisation', 'precautions', '', '', '', ''),
(4, 3, 0, 'Mouvements du cric', 'mvt', '', '', '', ''),
(4, 3, 1, 'de face', 'mvt-face', '', '', '', ''),
(4, 3, 2, 'en perspective', 'mvt-3d', '', '', '', ''),
(4, 4, 0, 'Analyse fonctionnelle', 'AF', '', '', '', ''),
(4, 4, 1, 'diagramme des int&eacute;racteurs', 'image_dessus', 'Diagramme pieuvre', 'pieuvre.png', 'FP1: l&apos;utilisateur doit pouvoir lever son v&eacute;hicule</p>\r\n<p>FP2: l&apos;utilisateur doit pouvoir d&eacute;poser son v&eacute;hicule</p>\r\n<p>Fc1: Le cric doit pouvoir soulever un v&eacute;hicule de 2 tonnes</p>\r\n<p>Fc2: Le cric doit suffisamment soulever le v&eacute;hicule</p>\r\n<p>Fc3: Le cric doit facilement se positionner</p>\r\n<p>Fc4: Le cric doit s&apos;adapter &agrave; des hauteurs de ch&acirc;ssis diff&eacute;rentes</p>\r\n<p>Fc5: Le cric doit r&eacute;sister &agrave; son milieu</p>\r\n<p>Fc6: Le cric doit &ecirc;tre transportable', ''),
(4, 4, 2, 'FAST "Levage du v&eacute;hicule"', 'image_dessus', 'FAST levage du v&eacute;hicule', 'fast_levage.png', 'FAST levage du v&eacute;hicule', ''),
(4, 4, 3, 'FAST "D&eacute;pose du v&eacute;hicule"', 'image_dessus', 'FAST d&eacute;pose du v&eacute;hicule', 'fast_depose.png', 'FAST d&eacute;pose du v&eacute;hicule', ''),
(4, 5, 0, '&Eacute;clat&eacute;', 'image_dessus', '&Eacute;clat&eacute;', 'cric_hydrau_eclate.png', 'le cric &eacute;clat&eacute;', ''),
(4, 6, 0, 'Nomenclature', 'nomenclature', '', '', '', ''),
(4, 7, 0, 'Entretien du cric', 'entretien', '', '', '', ''),
(4, 7, 1, 'Probl&egrave;me au levage', 'pb_levage', '', '', '', ''),
(4, 7, 2, 'Probl&egrave;me &agrave; la descente', 'pb_descente', '', '', '', ''),
(5, 1, 0, 'Mise en situation', 'MES', 'electrovanne.png', 'chaine_commande.png', '', ''),
(5, 2, 0, 'Fonctionnement', 'image_dessous', 'Fonctionnement', 'fonctionnement.png', 'Lorsque la bobine est aliment&eacute;e, le noyau se d&eacute;place suivant l&apos;axe (+y), le fluide sous pression d&eacute;forme la membrane (non repr&eacute;sent&eacute;e) et passe de l&apos;orifice d&apos;entr&eacute;e à l&apos;orifice de sortie (fig. 2). Lorsque la bobine n&apos;est plus aliment&eacute;e, le noyau se d&eacute;place suivant l&apos;axe (-y), le circuit d&apos;alimentation d‘eau correspondant est ferm&eacute; (fig. 3).', ''),
(5, 3, 0, 'Analyse fonctionnelle', 'AF', 'pieuvre.png', '', '', ''),
(5, 4, 0, 'Dessin d&apos;ensemble', 'dessin_densemble', 'dessin_electrovanne', 'electrovanne', '', ''),
(5, 5, 0, 'Nomenclature', 'nomenclature', '', '', '', ''),
(6, 1, 0, 'Mise en situation', 'image_dessous', 'Mise en situation', 'etau.png', 'L&apos;&eacute;tau de mod&eacute;liste repr&eacute;sent&eacute; ci-dessous est un outil employ&eacute; par les mod&eacute;listes pour maintenir en position une ou plusieurs pi&egrave;ces entre elles (MAP des pi&egrave;ces) afin de r&eacute;aliser des op&eacute;rations diverses telles que : Collage, Per	&ccedil;age, etc', ''),
(6, 2, 0, 'Fonctionnement', 'image_dessous', 'Fonctionnement', 'fonctionnement.png', 'La semelle de l&apos;&eacute;tau (10) est fix&eacute;e &agrave; un &eacute;tabli. L&apos;utilisateur en tournant la poign&eacute;e (09) autour de l&apos;axe X fait translater le mors mobile (01) par rapport &agrave; la semelle (10) suivant l&apos;axe X et provoque l&apos;&eacute;cartement ou le rapprochement du mors mobile (01) par rapport au mors fixe (02).', ''),
(6, 3, 0, 'Dessin d&apos;ensemble', 'dessin_densemble', 'dessin_etau', 'etau', '', ''),
(6, 4, 0, 'Nomenclature', 'nomenclature', '', '', '', ''),
(6, 5, 0, '&Eacute;clat&eacute;', 'eclate', 'eclate_etau', 'etau', '', ''),
(6, 6, 0, 'Classes d&apos;&eacute;quivalence', 'CE', '', '', '', ''),
(7, 1, 0, 'Mise en situation', 'MES', '', '', '', ''),
(7, 2, 0, 'Fonctionnement', 'fonctionnement', '', '', '', ''),
(7, 3, 0, 'Dessin d&apos;ensemble', 'dessin_densemble', 'dessin_extracteur', 'extracteur', '', ''),
(7, 4, 0, 'Nomenclature', 'nomenclature', '', '', '', ''),
(7, 5, 0, '&Eacute;clat&eacute;', 'eclate', 'eclate_extracteur', 'extracteur', '', ''),
(8, 1, 0, 'Mise en situation', 'image_dessous', 'Mise en situation', 'mini_coupe-tube.png', 'Le coupe-tube est l&apos;un des outils manuels indispensables du plombier. Ce coupe-tube permet de sectionner des tubes de cuivre de 3 &agrave; 22 mm de diam&egrave;tre ext&eacute;rieur. Il existe des coupe-tubes de diff&eacute;rentes tailles en fonction des diam&egrave;tres de tubes &agrave; sectionner.', ''),
(8, 2, 0, 'Diagramme A-0', 'image_dessus', 'Diagramme A-0', 'diagrammeA-0.png', 'diagramme A-0 du mini coupe-tube', ''),
(8, 3, 0, 'Dessin d&apos;ensemble', 'dessin_densemble', 'dessin_mini_coupe-tube', 'mini_coupe-tube', '', ''),
(8, 4, 0, '&Eacute;clat&eacute;', 'eclate', 'eclate_mini_coupe-tube', 'mini_coupe-tube', '', ''),
(8, 5, 0, 'Nomenclature', 'nomenclature', '', '', '', ''),
(9, 1, 0, 'Mise en situation', 'MES', 'presentation.png', 'douille.png', '', ''),
(9, 2, 0, 'Fonctionnement', 'fonctionnement', '', '', '', ''),
(9, 3, 0, 'Dessin d&apos;ensemble', 'dessin_densemble', 'dessin_pince', 'pince', '', ''),
(9, 4, 0, 'Nomenclature', 'nomenclature', '', '', '', ''),
(9, 5, 0, '&Eacute;clat&eacute;', 'eclate', 'eclate_pince', 'pince', '', ''),
(10, 1, 0, 'Mise en situation', 'image_dessous', 'Mise en situation et fonctionnement', 'pince.png', 'La pince de robot est un organe de pr&eacute;hension. C&apos;est a dire qu&apos;il sert a saisir des pi&egrave;ces d&apos;un centre d&apos;usinage. \r\nCette pince se trouve en bout de bras manipulateur.', ''),
(10, 2, 0, 'Fonctionnement', 'fonctionnement', '', '', '', ''),
(10, 3, 0, 'Nomenclature', 'nomenclature', '', '', '', ''),
(10, 4, 0, '&Eacute;clat&eacute;', 'eclate', 'eclate_pince', 'pince', '', ''),
(11, 1, 0, 'Mise en situation', 'MES', '', '', '', ''),
(11, 2, 0, 'Dessin d&apos;ensemble', 'dessin_densemble', 'dessin_pompe', 'pompe', '', ''),
(11, 3, 0, 'Nomenclature', 'nomenclature', '', '', '', ''),
(11, 4, 0, '&Eacute;clat&eacute;', 'eclate', 'eclate_pompe', 'pompe', '', ''),
(12, 1, 0, 'Mise en situation', 'MES', 'mes1.png', 'mes2.png', '', ''),
(12, 1, 1, 'Dispositif de transfert', 'image_dessus', 'Dispositif de transfert', 'dispositif_transfert.png', 'dispositif de transfert', ''),
(12, 1, 2, '&eacute;tape 1', 'image_dessous', '&Eacute;tape 1 du transfert', 'etape1.png', 'La culasse et son adaptateur arrivent sur le plateau rotatif</p>\r\n<p>Celui-ci effectue une rotation d&apos;un quart de tour</p>\r\n<p>Les deux pr&eacute;henseurs sont &agrave; vide', ''),
(12, 1, 3, '&eacute;tape 2', 'image_dessous', '&Eacute;tape 2 du transfert', 'etape2.png', 'Le portique descend, un pr&eacute;henseur attrape l&apos;adaptateur de culasse.', ''),
(12, 1, 4, '&eacute;tape 3 et 4', 'transfert3et4', 'etape3.png', 'etape4.png', '', ''),
(12, 1, 5, '&eacute;tape 5', 'image_dessous', '&Eacute;tape 5 du transfert', 'etape5.png', 'Le portique se d&eacute;place vers le centre d&apos;usinage o&ugrave; une culasse attend d&apos;&ecirc;tre usin&eacute;e.', ''),
(12, 1, 6, '&eacute;tape 6', 'image_dessous', '&Eacute;tape 6 du transfert', 'etape6.png', 'Le portique am&egrave;ne le pr&eacute;henseur vide dans le centre d&apos;usinage afin de chercher la culasse usin&eacute;e (avec son adaptateur).<br>Il place ensuite la culasse &agrave; usiner dans le centre d&apos;usinage et transfererera par la suite la culasse usin&eacute;e vers le prochain convoyeur.\r\n', ''),
(12, 5, 0, '&Eacute;clat&eacute;', 'eclate_CE', 'eclate_CE.png', '', '', ''),
(12, 5, 1, 'CE1: b&acirc;ti', 'classe_equivalence', 'CE1', 'CE1.EASM', 'b&acirc;ti', ''),
(12, 5, 2, 'CE2: tige de v&eacute;rin', 'classe_equivalence', 'CE2', 'CE2.EASM', 'tige de v&eacute;rin', ''),
(12, 5, 3, 'CE3: biellette', 'classe_equivalence', 'CE3', 'CE3.EASM', 'biellette', ''),
(12, 5, 4, 'CE4: bras avec deux doigts', 'classe_equivalence', 'CE4', 'CE4.EASM', 'deux doigts', ''),
(12, 5, 5, 'CE5: bras avec un doigt', 'classe_equivalence', 'CE5', 'CE5.EASM', 'un doigt', ''),
(12, 6, 0, 'M&eacute;canique', 'image_dessous', 'Simulations m&eacute;caniques', 'vue2dessus.png', 'Courbes des d&eacute;placements obtenues &agrave; l&apos;aide d&apos;un logiciel de calcul et de simulation pour une vitesse en sortie de tige du piston V = 60mm/s<br>Vue du dessus du pr&eacute;henseur en position ferm&eacute;e', ''),
(12, 6, 1, 'd&eacute;placement de la tige', 'image_dessus', '&Eacute;volution du d&eacute;placement de la TIGE du v&eacute;rin par rapport au CHÂSSIS<br>en fonction du temps', 'tige.png', '', ''),
(12, 6, 2, 'd&eacute;placement de la pince', 'image_dessus', '&Eacute;volution du d&eacute;placement de la PINCE par rapport au CH&Acirc;SSIS <br>en fonction du temps.', 'pince.png', '', ''),
(12, 6, 3, 'effort de la tige de v&eacute;rin', 'effort_verin', 'effort_tige.png', 'tableau_effort_tige.png', '', ''),
(12, 6, 4, 'effort de l&apos;articulation', 'effort_articulation', 'effort_articulation.png', 'tableau_effort_articulation.png', '', ''),
(14, 1, 0, 'Mise en situation', 'image_dessous', 'Mise en situation', 'mes.png', 'Les nombreux &eacute;l&eacute;ments &eacute;lectriques et &eacute;lectroniques mont&eacute;s sur la Citro&euml;n C4 HDI n&eacute;cessitent une source d&apos;&eacute;nergie &eacute;lectrique fiable et embarqu&eacute;e. L&apos;alternateur participe &agrave; cette op&eacute;ration, tout comme la batterie.', ''),
(14, 2, 0, 'Dessin d&apos;ensemble', 'image_dessous', 'Dessin d&apos;ensemble', 'ensemble.png', '', ''),
(14, 3, 0, '&Eacute;clat&eacute;', 'image_dessous', '&Eacute;clat&eacute;', 'eclate.png', 'vue &eacute;clat&eacute;e de l&apos;alternateur', ''),
(14, 4, 0, 'Nomenclature', 'nomenclature', '', '', '', ''),
(15, 1, 0, 'Mise en situation', 'MES', 'levier_leve.png', 'levier_baisse.png', '', ''),
(15, 2, 0, 'Diagramme A-0', 'image_dessus', 'Diagramme A-0', 'diagrammeA0.png', '', ''),
(15, 3, 0, 'Dessin d&apos;ensemble', 'dessin_densemble', 'dessin_casseNoix', 'casseNoix', '', ''),
(15, 4, 0, '&Eacute;clat&eacute;', 'eclate', 'eclate_casseNoix', 'casseNoix', '', ''),
(15, 5, 0, 'Nomenclature', 'nomenclature', '', '', '', ''),
(16, 1, 0, 'Mise en situation', 'MES', 'unite_distribution_eau.png', 'raccord.png', 'figure1.png', ''),
(16, 2, 0, 'Fonctionnement', 'fonctionnement', '', '', '', ''),
(16, 3, 0, 'Caract&eacute;ristiques', 'caracteristiques', '', '', '', ''),
(16, 4, 0, 'Montage de bridage', 'image_dessous', 'Montage de bridage sur plateau tournant', 'montage_bridage.png', 'Montage de bridage sur plateau tournant', ''),
(16, 5, 0, '&Eacute;clat&eacute; du montage', 'association', 'vue_eclatee', 'vue_eclatee.EDRW', 'vue &eacute;clat&eacute;e', ''),
(16, 7, 0, 'Dessin d&apos;ensemble', 'dessin_densemble', 'dessin_bride', 'bride', '', ''),
(1, 2, 0, 'Pr&eacute;sentation des axes', 'presentation_axes', '', '', '', ''),
(1, 2, 1, 'axe 1', 'image_dessous', 'Axe N&deg;1', 'axe1.gif', 'Rotation de 360&deg; de la pi&egrave;ce (2) autour de la pi&egrave;ce (1).', ''),
(1, 2, 2, 'axe 2', 'image_dessous', 'Axe N&deg;2', 'axe2.gif', 'Rotation de 90&deg; de la pi&egrave;ce (3) autour de la pi&egrave;ce (2).', ''),
(1, 2, 3, 'axe 3', 'image_dessous', 'Axe N&deg;3', 'axe3.gif', 'Rotation de 90&deg; de la pi&egrave;ce (6) autour de la pi&egrave;ce (3).', ''),
(1, 2, 4, 'axe 4', 'image_dessous', 'Axe N&deg;4', 'axe4.gif', 'Rotation de 360&deg; de la pi&egrave;ce (7) autour de la pi&egrave;ce (6).', ''),
(1, 2, 5, 'axe 5', 'image_dessous', 'Axe N&deg;5', 'axe5.gif', 'Translation de la pi&egrave;ce (12) dans la pi&egrave;ce (7).', ''),
(3, 7, 0, 'Dessins de d&eacute;finition', 'dessins2definition', '', '', '', ''),
(3, 7, 1, 'axe d&apos;articulation', 'dessin_definition', 'def_axe_articulation', 'def_axe_articulation', '', ''),
(3, 7, 2, 'biellette', 'dessin_definition', 'def_biellette', 'def_biellette', '', ''),
(3, 7, 3, 'chandelle', 'dessin_definition', 'def_chandelle', 'def_chandelle', '', ''),
(3, 7, 4, 'chape', 'dessin_definition', 'def_chape', 'def_chape', '', ''),
(3, 7, 5, 'corps de pompe', 'dessin_definition', 'def_corps2pompe', 'def_corps2pompe', '', ''),
(3, 7, 6, 'cylindre principal', 'dessin_definition', 'def_cylindre_principal', 'def_cylindre_principal', '', ''),
(3, 7, 7, 'embase', 'dessin_definition', 'def_embase', 'def_embase', '', ''),
(3, 7, 8, 'levier', 'dessin_definition', 'def_levier', 'def_levier', '', ''),
(3, 7, 9, 'piston de pompe', 'dessin_definition', 'def_piston2pompe', 'def_piston2pompe', '', ''),
(3, 7, 10, 'piston r&eacute;cepteur', 'dessin_definition', 'def_piston_recepteur', 'def_piston_recepteur', '', ''),
(3, 7, 11, 'pointeau', 'dessin_definition', 'def_pointeau', 'def_pointeau', '', ''),
(3, 7, 12, 'poussoir tarage', 'dessin_definition', 'def_poussoir_tarage', 'def_poussoir_tarage', '', ''),
(3, 7, 13, 'r&eacute;servoir', 'dessin_definition', 'def_reservoir', 'def_reservoir', '', ''),
(3, 7, 14, 'tirant M4', 'dessin_definition', 'def_tirants_M4', 'def_tirants_M4', '', ''),
(16, 9, 0, 'Nomenclature', 'nomenclature', '', '', '', ''),
(16, 2, 1, 'd&eacute;but de la phase 1', 'image_dessus', 'D&eacute;but de la phase 1', 'nez_rentre.png', 'La tige du v&eacute;rin et le nez sont totalement rentr&eacute;s. L&apos;axe est en contact avec l&apos;extr&eacute;mit&eacute; droite du trou oblong qui se trouve sur le nez.</p>\r\n<p>On alimente ensuite la chambre avec de l&apos;huile sous pression. C&apos;est le d&eacute;but de la phase 1.', '800'),
(16, 2, 2, 'phase 1', 'image_dessus', 'La phase 1', 'sortie_nez.gif', 'Le piston pousse le nez. Pour &eacute;viter qu&apos;il tourne il y a une lame de ressort (non visible sur l&apos;animation) sous le nez qui le maintient &agrave; l&apos;horizontale<br>La phase se termine lorsque l&apos;axe entre en contact avec le c&ocirc;t&eacute; droit du trou oblong.', '800'),
(16, 2, 3, 'd&eacute;but de la phase 2', 'image_dessus', 'D&eacute;but de la phase 2', 'debut_rotation.png', 'Le nez est totalement sorti mais la tige de v&eacute;rin n''est pas en bout de course. L&apos;axe est en contact avec l&apos;extr&eacute;mit&eacute; gauche du trou oblong qui se trouve sur le nez.<br>On continue d''alimenter la chambre avec de l&apos;huile sous pression. C&apos;est le d&eacute;but de la phase 2.', '800'),
(16, 2, 4, 'phase 2', 'image_dessus', 'La phase 2', 'rotation_nez.gif', 'Le piston pousse le nez mais celui-ci ne peut plus avancer &agrave; cause de l&apos;axe en contact avec le trou oblong. Le seul mouvement possible est une rotation autour de l&apos;axe.<br>La lame de ressort (non visible sur l&apos;animation) ne peut plus maintenir le nez &agrave; l&apos;horizontale et se d&eacute;forme.', '800'),
(16, 6, 0, 'Sous-ensembles', 'sous-ensembles', '', '', '', ''),
(16, 6, 1, 'corps de la bride', 'classe_equivalence', 'corps2bride', 'corps2bride.EASM', 'corps de la bride', ''),
(16, 6, 2, 'nez de la bride', 'classe_equivalence', 'nez2bride', 'nez2bride.EPRT', 'nez de la bride', ''),
(16, 6, 3, 'ensemble piston', 'classe_equivalence', 'piston_complet', 'piston_complet.EASM', 'ensemble piston', ''),
(16, 6, 4, 'plaquette', 'classe_equivalence', 'plaquette_plastique', 'plaquette_plastique.EPRT', 'plaquette de la bride', ''),
(16, 6, 5, 'ressort', 'association', 'ressort', 'ressort.EPRT', 'Le ressort de ompression de la bride', 'Remarque: cette pi&egrave;ce est d&eacute;formable donc ne constitue pas une classe d''&eacute;quivalence.'),
(16, 8, 0, '&Eacute;clat&eacute; de la bride', 'eclate_bride', '', '', '', ''),
(12, 2, 0, 'Fonctionnement', 'image_dessus', 'Fonctionnement', 'fonctionnement.png', '&eacute;l&eacute;ments constitutifs du pr&eacute;henseur', ''),
(12, 2, 2, 'Fermeture', 'image_dessus', 'Fermeture', 'fermeture.gif', 'La tige de v&eacute;rin rentre. La noix monte et entra&icirc;ne les biellettes<br>Les biellettes rapprochent les deux bras. Les ressorts se rel&acirc;chent.', ''),
(12, 2, 1, 'ouverture', 'image_dessus', 'Ouverture', 'ouverture.gif', 'La tige de v&eacute;rin sort. La noix descend et pousse les biellettes<br>Les biellettes &eacute;cartent les deux bras. Les ressorts se compriment.', ''),
(12, 3, 0, 'Dessin d&apos;ensemble', 'dessin_densemble', 'dessin_prehenseur', 'prehenseur', '', ''),
(12, 4, 0, 'Nomenclature', 'nomenclature', '', '', '', ''),
(17, 1, 0, 'Mise en situation', 'MES', 'usine.png', 'photo.png', '', ''),
(17, 2, 0, '&Eacute;l&eacute;ments constitutifs', 'association', 'unite2marquage', 'unite2marquage.EASM', '&Eacute;l&eacute;ments constitutuifs', 'Cliquez dans le menu pour afficher les &eacute;l&eacute;ments individuellement'),
(17, 2, 1, 'corps', 'association', 'embase', 'embase.EASM', 'Corps', ''),
(17, 2, 2, 'V&eacute;rin', 'association', 'verin', 'verin.EASM', 'V&eacute;rin', ''),
(17, 2, 3, 'Enclume', 'association', 'enclume', 'enclume.EASM', 'Enclume', ''),
(17, 2, 4, 'Embiellage', 'association', 'embiellage', 'embiellage.EASM', 'Embiellage', ''),
(17, 2, 5, 'Levier', 'association', 'levier', 'levier.EASM', 'Levier', ''),
(17, 4, 0, 'Dessin d&apos;ensemble', 'dessin_densemble', 'dessin_unite2marquage', 'unite2marquage', '', ''),
(17, 7, 0, 'Flasque droit', 'image_dessus', 'Le flasque droit', 'flasque_unite.png', 'le flasque dans l&apos;unit&eacute; de marquage', ''),
(17, 7, 1, 'flasque', 'association', 'flasque', 'flasque.EPRT', 'Flasque', ''),
(17, 7, 2, 'dessin de d&eacute;finition', 'dessin_definition', 'definition_flasque', 'flasque', '', ''),
(17, 8, 0, 'M&eacute;canique', 'image_dessous', 'Simulations m&eacute;caniques', 'grapheMeca3D.png', 'graphe M&eacute;ca3D', 'Courbes des vitesses et des efforts obtenues &agrave; l&apos;aide de M&eacute;ca3D'),
(17, 8, 1, 'efforts embiellage/Levier', 'image_dessus', 'courbe des efforts transmis par l&apos;embiellage sur le levier', 'effort_pivot_glissant.png', 'courbe', ''),
(17, 8, 2, 'effort de marquage', 'image_dessus', 'courbe de l&apos;effort de marquage', 'effort_marquage.png', 'courbe', ''),
(17, 8, 3, 'vitesse de la biellette', 'image_dessus', 'courbe de la vitesse de la biellette par rapport &agrave l&apos;embase', 'vitesse_biellette.png', 'courbe', ''),
(17, 8, 4, 'vitesse du Levier', 'image_dessus', 'courbe de la vitesse du levier par rapport &agrave; l&apos;embase</h1>\r\n', 'vitesse_levier.png', 'courbe', ''),
(17, 3, 0, 'Fonctionnement', 'fonctionnement', '', '', '', ''),
(17, 5, 0, '&Eacute;clat&eacute;', 'eclate', 'eclate_unite2marquage', 'unite2marquage', '', ''),
(17, 6, 0, 'Classes d&apos;&eacute;quivalence', 'CE', '', '', '', ''),
(18, 2, 0, 'Fonctionnement', 'fonctionnement', 'vanne_ouverte.png', 'vanne_fermee.png', '', ''),
(18, 4, 0, '&Eacute;clat&eacute;', 'eclate', 'eclate_vanne', 'vanne', '', ''),
(18, 3, 0, 'Dessin d&apos;ensemble', 'dessin_densemble', 'dessin_vanne', 'vanne', '', ''),
(18, 1, 0, 'Mise en situation', 'image_dessous', 'Mise en situation', 'mes.png', 'Cette vanne autorise ou non le passage d&apos;un fluide de A vers B (voir dessin d&apos;ensemble). Il suffit d&apos;agir sur la manette 8 de 1/4 de tour pour ouvrir ou fermer le passage du fluide.</p>\r\n<p>Domaines d&apos;utilisation: air comprim&eacute;, huile, gaz, eau chaude, eau froide, eau de mer, fuel, d&eacute;tergent.</p>\r\n<p>Exemple d&apos;utilisation &agrave; l"atelier de maintenance : ouvrir ou fermer le circuit d&apos;air comprim&eacute;\r\n', ''),
(18, 5, 0, 'Nomenclature', 'nomenclature', '', '', '', '');

-- --------------------------------------------------------

--
-- Structure de la table `Materiaux`
--

CREATE TABLE IF NOT EXISTS `Materiaux` (
  `ID` int(11) unsigned NOT NULL auto_increment,
  `formule` varchar(99) collate latin1_general_ci NOT NULL,
  `URL_wiki` text collate latin1_general_ci NOT NULL,
  PRIMARY KEY  (`ID`),
  UNIQUE KEY `formule` (`formule`)
) ENGINE=MyISAM  DEFAULT CHARSET=latin1 COLLATE=latin1_general_ci AUTO_INCREMENT=28 ;

--
-- Contenu de la table `Materiaux`
--

INSERT INTO `Materiaux` (`ID`, `formule`, `URL_wiki`) VALUES
(0, '', '#'),
(1, '45 Si 8', 'Acier#Aciers_faiblement_alli.C3.A9s'),
(2, 'AU4-G', 'Dural'),
(3, 'C 40', 'Acier#Aciers_non_alli.C3.A9s_sp.C3.A9ciaux_.28type_C.29'),
(4, 'C 60', 'Acier#Aciers_non_alli.C3.A9s_sp.C3.A9ciaux_.28type_C.29'),
(5, 'Cu Zn 15', 'Alliage_de_cuivre'),
(6, 'Cu Zn 39 Pb 2', 'Alliage_de_cuivre'),
(7, 'CW 453K', 'Bronze'),
(8, 'E 335', 'Acier#Aciers_non_alli.C3.A9s_d.27usage_g.C3.A9n.C3.A9ral'),
(9, 'EN AW 2017', 'D%C3%A9signation_des_m%C3%A9taux_et_alliages#Alliage_d.27aluminium_destin.C3.A9s_au_corroyage'),
(10, 'PF 21 (Bak&eacute;lite)', 'Bak%C3%A9lite'),
(11, 'PMMA', 'Polym%C3%A9thacrylate_de_m%C3%A9thyle'),
(12, 'S 235', 'Acier#Aciers_non_alli.C3.A9s'),
(13, 't&eacute;flon', 'T%C3%A9flon'),
(14, 'S 275', 'Acier#Aciers_non_alli.C3.A9s'),
(15, 'stub', '#'),
(16, 'h&ecirc;tre', ''),
(17, 'EN-GJS-600-2', 'Fonte_(m%C3%A9tallurgie)#Fonte_GS_(graphite_sph%C3%A9ro%C3%AFdal,_aussi_appel%C3%A9e_fonte_ductile)'),
(18, 'C 55', 'Acier#Aciers_non_alli.C3.A9s_sp.C3.A9ciaux_.28type_C.29'),
(19, '55 Cr3', 'Acier#Aciers_faiblement_alli.C3.A9s'),
(20, 'E 295', 'Acier#Aciers_non_alli.C3.A9s_d.27usage_g.C3.A9n.C3.A9ral'),
(21, 'C35', 'Acier#Aciers_non_alli.C3.A9s_sp.C3.A9ciaux_.28type_C.29'),
(22, 'S 185', 'Acier#Aciers_non_alli.C3.A9s'),
(23, 'X 12 Cr 13', 'Désignation_des_métaux_et_alliages#Aciers'),
(24, 'Cu Al10 Fe', 'Alliage_de_cuivre'),
(25, 'EN AW 2018', 'D%C3%A9signation_des_m%C3%A9taux_et_alliages#Alliage_d.27aluminium_destin.C3.A9s_au_corroyage'),
(26, 'PTFE', 'Polytétrafluoroéthylène'),
(27, 'GE 295', 'Acier#Aciers_non_alli%C3%A9s_d''usage_g%C3%A9n%C3%A9ral');

-- --------------------------------------------------------

--
-- Structure de la table `Pieces`
--

CREATE TABLE IF NOT EXISTS `Pieces` (
  `support_ID` smallint(5) unsigned NOT NULL,
  `nom` varchar(64) collate latin1_general_ci NOT NULL,
  `repere` int(10) unsigned NOT NULL,
  `quantite` int(10) unsigned NOT NULL default '1',
  `matiere_ID` int(10) NOT NULL default '0',
  `observation` text collate latin1_general_ci NOT NULL,
  `fichier` varchar(32) collate latin1_general_ci NOT NULL,
  `assemblage` tinyint(3) unsigned NOT NULL default '0',
  KEY `support-repère` (`support_ID`,`repere`)
) ENGINE=MyISAM DEFAULT CHARSET=latin1 COLLATE=latin1_general_ci COMMENT='Listes des pièces de chaque support';

--
-- Contenu de la table `Pieces`
--

INSERT INTO `Pieces` (`support_ID`, `nom`, `repere`, `quantite`, `matiere_ID`, `observation`, `fichier`, `assemblage`) VALUES
(14, 'carter gauche', 1, 1, 0, '', 'carter_gauche', 0),
(14, 'carter droit', 3, 1, 2, '', 'carter_droit', 0),
(14, 'rotor &agrave; griffes', 4, 1, 0, '', 'rotorAgriffes', 1),
(14, 'stator', 5, 1, 0, '', 'stator', 0),
(14, 'arbre du rotor', 6, 1, 0, '', 'arbreDUrotor', 0),
(14, 'rondelle', 10, 1, 0, '', 'rondelle', 0),
(14, 'poulie pour courroie polyV', 11, 1, 0, '', 'poulie', 0),
(14, '&eacute;crou', 12, 1, 0, '', 'ecrou', 0),
(14, 'vis ISO M5x85x26', 15, 4, 0, '', 'vis_ISO_M5x85x26', 0),
(14, 'plaque support de roulement', 20, 1, 0, '', 'plaque', 0),
(14, 'roulement ?int 17 ?ext 52  l : 17 - 2RS', 21, 1, 0, '', 'roulement1', 0),
(14, 'roulement 6202', 22, 1, 0, '', 'roulement2', 0),
(14, 'bague de roulement', 23, 1, 13, '', 'bague2roulement', 0),
(14, 'joint', 25, 1, 0, '', 'joint', 0),
(0, 'Corps', 1, 1, 10, '', 'Corps', 0),
(0, 'Borne', 2, 2, 5, 'Cadmi&eacute;', 'borne', 0),
(0, 'Vis CS M2-4', 3, 4, 6, '', 'Vis_CS', 0),
(0, 'Fourreau', 4, 1, 6, 'Cadmi&eacute;', 'Fourreau', 0),
(0, '&Eacute;crou H M12-1', 5, 1, 5, 'Cadmi&eacute;', 'Ecrou_H', 0),
(0, '&Eacute;crou molet&eacute;', 6, 1, 5, 'Cadmi&eacute;', 'Ecrou_molete', 0),
(0, 'Ressort', 7, 1, 1, '', 'Ressort', 0),
(0, 'Rondelle de contact', 8, 1, 5, '&Eacute;tam&eacute;e', 'Rondelle', 0),
(0, 'Cylindre de pouss&eacute;e', 9, 1, 10, 'Coll&eacute; dans 11', 'Cylindre', 0),
(0, 'Vis FS M2.5-18', 10, 1, 6, '', 'Vis_FS', 0),
(0, 'Poussoir', 11, 1, 12, 'Chrom&eacute;', 'Poussoir', 0),
(1, 'socle', 1, 1, 9, '', 'socle', 0),
(1, 'contre embase', 2, 1, 9, '', 'contreembase', 0),
(1, 'module bis', 3, 1, 9, '', 'module', 0),
(1, 'axe', 4, 1, 9, '', 'axe4', 0),
(1, 'vis CHc M4 - 55', 5, 1, 9, '', 'vis4x55', 0),
(1, 'embase', 6, 1, 9, 'commerce', 'embase', 0),
(1, 'interm&eacute;diaire', 7, 1, 9, '', 'intermediaire', 0),
(1, 'bouton', 8, 1, 9, '', 'bouton', 0),
(1, 'tige filet&eacute;e', 9, 1, 9, 'commerce', 'tige_filetee', 0),
(1, 'axe', 10, 1, 9, '', 'axe10', 0),
(1, 'embout', 11, 1, 9, '', 'embout', 0),
(1, 'tige', 12, 1, 9, '', 'tige', 0),
(2, 'Table', 1, 1, 0, 'non repr&eacute;sent&eacute;e', 'Table', 0),
(2, 'Corps de v&eacute;rin ISO 6431 63X50', 2, 1, 0, '', 'corps2verin', 1),
(2, 'Corps de v&eacute;rin ISO 6431 80X50', 3, 1, 0, '', 'corps2verin2', 1),
(2, 'Tige de v&eacute;rin ISO 6431 63X50', 4, 1, 0, '', 'tige2verin', 1),
(2, 'Tige de v&eacute;rin ISO 6431 80X50', 5, 1, 0, '', 'tige2verin2', 1),
(2, 'Vis H M8x65', 6, 1, 0, 'NF EN ISO 4017', 'visHM8x65', 0),
(2, 'Basculeur usin&eacute;', 7, 1, 9, '', 'basculeur', 0),
(2, 'Axe de bielle', 8, 1, 3, '', 'axe2bielle', 0),
(2, 'Coussinet 12-18x12', 9, 2, 7, 'ISO 2795', 'coussinet12-18x12', 0),
(2, 'Bielle', 10, 1, 8, '', 'bielle', 0),
(2, 'Coussinet 12-18x16', 11, 3, 7, 'ISO 2795', 'coussinet12-18x16', 0),
(2, 'Coussinet 16-22x16', 12, 1, 7, 'ISO 2795', 'coussinet16-22x16', 0),
(2, 'Chape', 13, 1, 12, '', 'chape', 0),
(2, 'Axe de chape', 14, 1, 3, '', 'Axe2chape', 0),
(2, 'But&eacute;e', 15, 1, 12, '', 'butee', 0),
(2, 'Bride de blocage', 16, 1, 3, 'Tremp&eacute;', 'Bride2blocage', 0),
(2, 'Bride', 17, 1, 3, '', 'Bride', 0),
(2, 'Flasque', 18, 2, 9, '', 'Flasque', 0),
(2, 'Plaque de support de v&eacute;rin de cambrage', 19, 1, 0, '', 'Plaque_cambrage', 0),
(2, 'Plaque de support de v&eacute;rin de bridage', 20, 1, 0, '', 'Plaque_bridage', 0),
(2, 'Cale', 21, 1, 9, '', 'Cale', 0),
(2, 'Support de fixation', 22, 4, 12, '', 'Support2fixation', 0),
(2, 'Bride d&apos;arbre', 23, 4, 12, '', 'Bride_darbre', 0),
(2, 'Tige de guidage', 24, 2, 0, '', 'Tige2guidage', 0),
(2, 'Plaque support de posoir', 25, 1, 12, '', 'Plaque_support2posoir', 0),
(2, 'Support de vis d&apos;arr&ecirc;t', 26, 1, 12, '', 'Support2vis_darret', 0),
(2, 'Support d&apos:axe d&apos;&eacute;querre', 27, 2, 0, '', 'Support_daxe_dequerre', 0),
(2, 'Axe d&apos;&eacute;querre', 28, 2, 0, '', 'Axe_dequerre', 0),
(2, '&Eacute;crou H M8', 29, 1, 0, 'ISO EN 4032', 'EcrouHM8', 0),
(2, 'Vis CHC M6-16-14', 30, 20, 0, '', 'CHCM6-16-14', 0),
(2, 'Vis CHC M8-16-14', 31, 16, 0, '', 'CHCM8-16-14', 0),
(2, 'Support de but&eacute;e', 32, 1, 3, '', 'Support2butee', 0),
(2, 'But&eacute;e de positionnement ext&eacute;rieure', 33, 5, 3, '', 'Butee2positionnement_ext', 0),
(2, 'Goupille 3 x 20', 34, 2, 0, 'ISO 8752', 'Goupille3x20', 0),
(2, 'Vis t&ecirc;te frais&eacute;e M6-12', 35, 4, 0, 'ISO 10642', 'VisFSM6-12', 0),
(2, 'Appui fil d=8 L = 150', 36, 1, 0, '', 'Appui_fil_d8_L150', 0),
(2, 'Branche gauche', 37, 1, 0, '', 'branche_gauche', 0),
(2, 'Branche droite', 38, 1, 0, '', 'branche_droite', 1),
(8, 'Corps', 1, 1, 0, '', 'corps', 0),
(8, 'Coulisseau', 2, 1, 0, '', 'coulisseau', 0),
(8, 'Rouleau', 3, 2, 0, '', 'rouleau', 0),
(8, 'Axe de rouleau', 4, 2, 0, '', 'axe2rouleau', 0),
(8, 'Molette', 5, 1, 0, '', 'molette', 0),
(8, 'Axe de molette', 6, 1, 0, '', 'axe2molette', 0),
(8, 'Axe de manoeuvre', 7, 1, 0, '', 'axe2manoeuvre', 0),
(8, 'Anneau &eacute;lastique d&apos;arbre', 8, 1, 0, '', 'anneau_elastique', 0),
(8, 'Bouton de manoeuvre', 9, 1, 0, '', 'bouton2manoeuvre', 0),
(3, 'Embase de cric', 1, 1, 9, '', 'Embase', 0),
(3, 'Corps de pompe', 2, 1, 9, '', 'Corps2pompe', 0),
(3, 'Piston de pompe', 3, 1, 12, '', 'piston_pompe', 0),
(3, 'Axe d&apos;articulation', 4, 2, 12, '', 'axe_articulation', 0),
(3, 'Segment d&apos;arr&ecirc;t radial 6 x 0,7', 5, 4, 0, '', 'segment_arret', 0),
(3, 'Articulation', 6, 1, 9, '', 'articulation', 0),
(3, 'Piston r&eacute;cepteur', 7, 1, 9, '', 'piston_recepteur', 0),
(3, 'Couvercle', 8, 1, 9, '', 'Couvercle', 0),
(3, 'Cylindre principal', 9, 1, 11, 'Polym&eacute;thylm&eacute;thacrylate', 'cylindre_principal', 0),
(3, 'R&eacute;servoir', 10, 1, 11, 'Polym&eacute;thylm&eacute;thacrylate', 'reservoir', 0),
(3, '&Eacute;crou M4', 11, 4, 0, '', 'ecrouM4', 0),
(3, 'Rondelle M4', 12, 4, 0, '', 'rondelleM4', 0),
(3, 'Tirant', 13, 4, 12, '', 'tirant', 0),
(3, 'Biellette', 14, 1, 12, '', 'biellette', 0),
(3, 'Axe d&apos;articulation de chape', 15, 1, 0, '', 'axe_chape', 0),
(3, 'Pointeau', 16, 1, 0, 'Vis sans t&ecirc;te à bout plat HC M10-30 modifi&eacute;e', 'pointeau', 0),
(3, 'Joint de pointeau de retour', 17, 1, 0, '', 'joint2pointeau', 0),
(3, 'Chandelle', 18, 1, 9, '', 'Chandelle', 0),
(3, 'Bille de tarage', 19, 1, 0, '', 'bille_tarage', 0),
(3, 'Poussoir de tarage', 20, 1, 12, '', 'poussoir2tarage', 0),
(3, 'Ressort de tarage', 21, 1, 4, '', 'ressort2tarage', 0),
(3, 'Vis de tarage', 22, 1, 12, '', 'vis2tarage', 0),
(3, 'Bouchon de tarage', 23, 1, 0, '', 'bouchon_tarage', 0),
(3, 'Joint plat de bouchon de tarage', 24, 1, 0, '', 'joint2tarage', 0),
(3, 'Bouchon de remplissage', 25, 1, 0, '', 'bouchon2remplissage', 0),
(3, 'Bille d&apos;admission', 26, 1, 0, '', 'bille_admission', 0),
(3, 'Joint de pompe', 27, 1, 0, '', 'joint2pompe', 0),
(3, 'Joint torique de piston', 28, 1, 0, '', 'joint2piston', 0),
(3, 'Vis de fixation du corps de pompe', 29, 1, 0, '', 'vis2fixation_du_corps2pompe', 0),
(3, 'Levier', 30, 1, 12, '', 'levier', 0),
(3, 'Joint torique de r&eacute;servoir', 31, 1, 0, '', 'joint2reservoir', 0),
(3, 'Joint torique de corps de pompe', 32, 1, 0, '', 'joint_torique2corps2pompe', 0),
(4, 'Flasque gauche', 1, 1, 0, '', 'flasque_gauche', 1),
(4, 'Flasque droit', 2, 1, 0, '', 'flasque_droit', 1),
(4, 'Roulette directrice assembl&eacute;e', 3, 2, 0, '', 'roulette_directrice', 1),
(4, 'Roue avant', 4, 2, 0, '', 'roue_avant', 0),
(4, 'Axe roues avant', 5, 2, 0, '', 'axe_roues_avant', 0),
(4, 'Axe pivot v&eacute;rin', 6, 2, 0, '', 'axe_pivot_verin', 0),
(4, 'Axe pivot bras de levage', 7, 1, 0, '', 'axe_pivot_bras_levage', 0),
(4, 'Rondelle M12', 8, 6, 0, '', 'rondelleM12', 0),
(4, '&Eacute;crou hexagonal ISO 4032-M12', 9, 6, 0, '', 'ecrouM12', 0),
(4, 'Tourillon', 10, 2, 0, '', '', 0),
(4, 'Anneau &eacute;lastique pour arbre 10x1', 11, 2, 0, '', '', 0),
(4, 'Unit&eacute; hydraulique', 12, 1, 0, '', '', 0),
(5, 'Corps', 1, 1, 0, '', 'corps', 0),
(5, 'Membrane', 2, 1, 0, '', 'membrane', 0),
(5, 'Joint torique', 3, 2, 0, '', 'joint_torique', 0),
(5, 'Noyau', 4, 1, 0, '', 'noyau', 0),
(5, 'Ressort', 5, 1, 0, '', 'ressort', 0),
(5, 'Support', 6, 1, 0, '', 'support', 0),
(5, 'Axe guide', 7, 1, 0, '', 'axe_guide', 0),
(5, 'Bobine', 8, 1, 0, '', 'bobine', 0),
(5, 'Boitier', 9, 1, 0, '', 'boitier', 0),
(5, 'Vis CHc M5-25', 10, 1, 0, '', 'vis', 0),
(5, '&Eacute;crou', 11, 1, 0, '', 'ecrou', 0),
(6, 'Mors mobile', 1, 1, 0, '', 'mors-mobile', 0),
(6, 'Mors fixe', 2, 1, 0, '', 'mors-fixe', 0),
(6, 'Garniture de mors mobile', 3, 1, 0, '', 'garniture-mors-mobile', 0),
(6, 'Vis FS M5-20 5-6', 4, 4, 0, '', 'vis_FS_M5-20', 0),
(6, 'Garniture de mors fixe', 5, 1, 0, '', 'garniture-mors-fixe', 0),
(6, 'Vis de manoeuvre', 6, 1, 0, '', 'vis2manoeuvre', 0),
(6, '&Eacute;crou H M12-8', 7, 1, 0, '', 'ecrou-H-M12', 0),
(6, 'Bague de renfort', 8, 1, 0, '', 'bague2renfort', 0),
(6, 'Tige de poign&eacute;e', 9, 1, 0, '', 'tige2poignee', 0),
(6, 'Semelle', 10, 1, 0, '', 'semelle', 0),
(6, 'Vis CHc M5-10 - 8.8', 11, 2, 0, '', 'vis_CHC_M5-10', 0),
(6, 'Tige guide', 12, 2, 0, '', 'tige_guide', 0),
(6, 'Vis sans t&ecirc;te HC M4-6', 13, 2, 0, '', 'vis_HC_M4-6', 0),
(6, 'Goupille &eacute;lastique', 14, 1, 0, '', 'goupille_elastique_3x16', 0),
(6, 'Embout de tige de poign&eacute;e', 15, 2, 0, '', 'embout2poignee', 0),
(7, 'Corps', 1, 1, 0, '', 'corps', 0),
(7, 'Vis', 2, 1, 0, '', 'vis', 0),
(7, '&Eacute;crou', 3, 1, 0, '', 'ecrou', 0),
(7, 'Axe', 4, 2, 0, '', 'axe', 0),
(7, 'Doigt', 5, 2, 0, '', 'doigt', 0),
(10, 'Corps', 1, 1, 0, '', 'corps', 1),
(10, 'Vis', 2, 1, 0, '', 'vis', 0),
(10, '&Eacute;crou', 3, 1, 0, '', 'ecrou', 0),
(10, 'roulement &agrave; double rang&eacute;e de billes', 4, 1, 0, '', 'roulement', 1),
(10, 'Levier', 5, 2, 0, '', 'levier', 0),
(10, 'Doigt', 6, 2, 0, '', 'doigt', 0),
(10, 'Grande biellette', 7, 4, 0, '', 'grande_biellette', 0),
(10, 'Petite biellette', 8, 2, 0, '', 'petite_biellette', 0),
(11, 'Corps', 1, 1, 0, '', 'corps', 0),
(11, 'Coussinet &agrave; collerette', 2, 1, 0, '', 'Coussinet', 0),
(11, 'Arbre', 3, 1, 0, '', 'arbre', 0),
(11, 'Anneau &eacute;lastique pour arbre 16x1', 4, 1, 0, '', 'Anneau_elastique', 0),
(11, 'Embout de tube 3/8e', 5, 2, 0, '', 'Embout_tube', 0),
(11, 'Palette', 6, 2, 0, '', 'Palette', 0),
(11, 'Joint torique 50.40x3.53', 7, 1, 0, '', 'joint_torique', 0),
(11, 'Plaque', 8, 1, 0, '', 'plaque', 0),
(11, 'Vis ISO 10642-m3X12-8.8', 9, 8, 0, '', 'Vis', 0),
(9, 'Support de v&eacute;rin', 1, 1, 0, '', 'support2verin', 0),
(9, 'Fond', 2, 1, 0, '', 'fond', 0),
(9, 'Plaque avant', 3, 1, 0, '', 'plaque_avant', 0),
(9, 'Goupile ISO 87-34-5x16-A', 4, 4, 0, '', 'goupille', 0),
(9, 'T&ocirc;le de protection', 5, 1, 0, '', 'tole2protection', 0),
(9, 'Vis &eacute;paul&eacute;e M5x40 NF E 27-191', 6, 2, 0, '', 'vis_epauleeM5x40', 0),
(9, 'Entretoise', 7, 4, 0, '', 'entretoise', 0),
(9, 'Bras sup&eacute;rieur', 8, 1, 0, '', 'bras_superieur', 0),
(9, 'Bras inf&eacute;rieur', 9, 1, 0, '', 'bras_inferieur', 0),
(9, 'Carter sup&eacute;rieur', 10, 1, 0, '', 'carter_superieur', 0),
(9, 'Carter inf&eacute;rieur', 11, 1, 0, '', 'carter_inferieur', 0),
(9, 'Corps v&eacute;rin PES 32 P NA 254', 12, 1, 0, '', 'corps_verin', 0),
(9, 'Piston PES 32 NA 25 DM4', 13, 1, 0, '', 'piston', 1),
(9, 'Came', 14, 1, 0, '', 'came', 0),
(9, 'Axe', 15, 1, 0, '', 'axe', 0),
(9, 'Entretoise ep. 1.8', 16, 1, 0, '', 'entretoise_ep1.8', 0),
(9, 'Enclume', 17, 1, 0, '', 'enclume', 0),
(9, 'Plaque d&apos;appui', 18, 1, 0, '', 'plaque_dappui', 0),
(9, 'Poinçon', 19, 1, 0, '', 'poincon', 0),
(9, 'Roulement SNR 624EE', 20, 1, 0, '', 'roulement', 1),
(9, 'Vis FHC NF E 27-160M3X0,5-8-8.8', 21, 13, 0, '', 'visFHC', 0),
(9, 'Vis CZX NF E25-11 M3-0,5-10-4,8-1', 22, 8, 0, '', 'visCZX', 0),
(9, 'Vis sans t&ecirc;te &agrave; bout plat NF E-27-180 M3x0,5-8-3,3h', 23, 1, 0, '', 'vis_sans_tete', 0),
(9, 'Vis ISO 4762-M5x16-8.8', 24, 8, 0, '', 'visISO', 0),
(9, 'Ressort de rappel', 25, 1, 0, '', 'ressort', 0),
(15, 'colonne', 1, 2, 14, '', 'colonne', 0),
(15, 'embout', 3, 1, 6, '', 'embout', 0),
(15, 'levier', 2, 1, 15, '', 'levier', 0),
(15, 'excentrique', 4, 1, 6, '', 'excentrique', 0),
(15, 'piston', 5, 1, 14, '', 'piston', 0),
(15, 'coupelle', 6, 1, 9, '', 'coupelle', 0),
(15, 'r&eacute;hausse', 7, 1, 9, '', 'rehausse', 0),
(15, 'bague', 8, 1, 6, 'mont&eacute; serr&eacute; dans le bloc coulisse', 'bague', 0),
(15, 'bloc coulisse', 9, 1, 9, '', 'bloc_coulisse', 0),
(15, 'bloc pivot', 10, 2, 9, '', 'bloc_pivot', 0),
(15, 'socle', 11, 1, 16, '', 'socle', 0),
(15, 'goupille 6x26', 12, 1, 0, 'mont&eacute;e serr&eacute;e dans le bloc pivot', 'goupille', 0),
(15, 'vis CHc M5-16', 13, 2, 0, '', 'vis', 0),
(15, '&eacute;crou H M6', 14, 2, 0, '', 'ecrou', 0),
(15, 'rondelle ', 15, 2, 0, '', 'rondelle', 0),
(15, 'ressort dint=16, 10 spires', 16, 1, 0, '', 'ressort', 0),
(15, 'Vis sans t&ecirc;te HC &agrave; bout plat M5 - 6', 17, 2, 0, '', 'visSANStete', 0),
(15, 'plaquette support', 18, 1, 0, '', 'plaquette', 0),
(16, 'T&ecirc;te de bride', 1, 1, 17, '', 'tete2bride', 0),
(16, 'Corps de v&eacute;rin', 2, 1, 17, 'Image avec 1/4 enlev&eacute', 'corps2verin', 0),
(16, 'Support lame de ressort', 3, 1, 12, '', 'support_lame2ressort', 0),
(16, 'Vis &agrave; t&ecirc;te cylindrique &agrave; 6 pans creux M3-6', 4, 3, 0, 'Commerce', 'visCHcM3-6', 0),
(16, 'Vis &agrave; t&ecirc;te frais&eacute;e fendue M4-13', 5, 2, 0, 'Commerce', 'visFSM4-13', 0),
(16, 'Vis &agrave; t&ecirc;te cylindrique &agrave; 6 pans creux M6-20', 6, 4, 0, 'Commerce', 'visCHcM6-20', 0),
(16, 'Rondelle Grower W6', 7, 4, 0, 'Commerce', 'rondelle_growerW6', 0),
(16, 'Vis sans t&ecirc;te &agrave; six pans creux', 8, 1, 0, 'Commerce', 'visAHcM10-10', 0),
(16, 'Plaquette avant', 9, 1, 9, '', 'plaquette_avant', 0),
(16, 'Vis &agrave; t&ecurc;te frais&eacute;e fendue M3-8', 10, 4, 0, 'Commerce', 'visFSM3-8', 0),
(16, 'Axe', 11, 1, 18, '', 'axe', 0),
(16, 'Anneau &eacute;lastique pour al&eacute;sage 40x1,75', 12, 1, 0, 'Commerce', 'anneau_elastique40x1,75', 0),
(16, 'Vis sans t&ecirc;te &agrave; six pans creux M6-10', 13, 1, 0, 'Commerce', 'visAHcM6-10', 0),
(16, 'Lame de ressort', 14, 1, 19, '', 'lame2ressort', 0),
(16, 'Nez de bride', 15, 1, 20, '', 'nez2bride', 0),
(16, 'Piston', 16, 1, 0, 'Commerce', 'piston', 0),
(16, 'Segment de guidage de 40', 17, 1, 13, '', 'segment2guidage40', 0),
(16, 'Bague anti extrusion 34-40', 18, 3, 13, '', 'bague_anti_extrusion34-40', 0),
(16, 'Joint torique 35,6x3,6', 19, 2, 0, 'Commerce', 'joint_torique35,6x3,6', 0),
(16, 'Douille', 20, 1, 0, 'Commerce', 'douille', 0),
(16, 'Joint torique 16,6x2,7', 21, 1, 0, 'Commerce', 'joint_torique16.9x2.7', 0),
(16, 'Bague anti-extrusion 18-21', 22, 1, 13, '', 'bague_anti-extrusion18-21', 0),
(16, 'Goupille &eacute;lastique 4 x 35', 24, 1, 0, 'Commerce', 'goupille4x35', 0),
(16, 'chape', 25, 1, 21, '', 'chape', 0),
(16, 'Segment de guidage de 18', 23, 1, 21, '', 'racleur18', 0),
(16, 'Axe de chape', 26, 1, 0, '', 'axe2chape', 0),
(16, 'Axe de chape', 26, 1, 18, '', 'axe2chape', 0),
(16, 'Plaquette plastique', 27, 1, 0, '', 'plaquette_plastique', 0),
(16, 'Ressort de compression', 28, 1, 0, 'Commerce', 'ressort', 0),
(12, 'Ch&acirc;ssis', 1, 1, 14, '', 'chassis', 0),
(12, 'Renfort', 2, 2, 22, '', 'renfort', 0),
(12, 'Vis H M5 8', 3, 4, 0, '', 'visHM5-8', 0),
(12, 'Vis H M 10', 4, 14, 0, '', 'visHM6-10', 0),
(12, 'Rail TKSD', 5, 4, 0, '', 'railTKSD', 0),
(12, 'Chariot', 6, 4, 0, '', 'chariot', 0),
(12, 'Ensemble m&eacute;cano-soud&eacute; 2 doigts', 7, 1, 0, '', 'ensemble2doigts', 1),
(12, 'Vis HM8 16', 8, 4, 0, '', 'visHM8-16', 0),
(12, 'Rondelle M8', 9, 4, 0, '', 'rondelleM8', 0),
(12, 'Guide ressort', 10, 4, 0, '', 'guide', 0),
(12, 'Vis CHc M8 12', 11, 3, 0, '', 'visCHcM8-12', 0),
(12, 'Doigt', 13, 3, 23, '', 'doigt', 0),
(12, 'Vic CHc M5 16', 14, 32, 0, '', 'visCHcM5-16', 0),
(12, '&Eacute;crou H M16', 15, 4, 0, '', 'ecrouHM16', 0),
(12, '&Eacute;querre mobile', 16, 2, 0, '', 'equerreUPN', 0),
(12, 'Carter', 18, 1, 0, '', 'carter', 0),
(12, 'Bague', 19, 4, 24, '', 'bague2biellette', 0),
(12, 'Biellette', 20, 2, 25, '', 'biellette', 0),
(12, 'Fixation v&eacute;rin', 21, 2, 0, '', 'bride', 0),
(12, 'Corps de v&eacute;rin Joucomatic', 22, 1, 0, 'K 63 D 80 M', 'corps2verin', 0),
(12, 'Noix', 23, 1, 0, '', 'noix', 0),
(12, 'Ensemble m&eacute;cano-soud&eacute; 1 doigt', 24, 1, 0, '', 'ensemble1doigt', 1),
(12, 'Piston du v&eacute;rin', 25, 1, 0, '', 'piston', 0),
(12, 'Ressort', 26, 1, 0, '', 'ressort', 0),
(12, '&Eacute;querre fixe', 27, 2, 0, '', 'equerre_fixe', 0),
(12, 'Vis CHc M8 30', 28, 4, 0, '', 'visCHcM8-30', 0),
(12, 'Vis CHc M6 25', 29, 4, 0, '', 'visCHcM6-25', 0),
(12, 'Rondelle M6', 30, 4, 0, '', 'rondelleM6', 0),
(12, 'Vis CHc M10 25', 31, 4, 0, '', 'visCHcM10-25', 0),
(12, 'Vis CHc M4 22', 32, 16, 0, '', 'visCHcM4-22', 0),
(18, 'raccord', 1, 1, 0, '', 'raccord', 0),
(18, 'joint de bague', 2, 1, 0, '', 'joint2bague', 0),
(18, 'bague', 3, 2, 0, '', 'bague', 0),
(18, 'bille', 4, 1, 0, '', 'bille', 0),
(18, 'corps', 5, 1, 0, '', 'corps', 0),
(18, 'joint entraineur', 6, 1, 0, '', 'joint_entraineur', 0),
(18, 'entraineur', 7, 1, 0, '', 'entraineur', 0),
(18, 'guide entraineur', 8, 1, 0, '', 'guide_entraineur', 0),
(18, 'but&eacute;e mobile', 9, 1, 0, '', 'butee_mobile', 0),
(18, 'levier de man&oelig;uvre', 10, 1, 0, '', 'levier', 0),
(18, 'vis', 11, 1, 0, '', 'vis', 0);

-- --------------------------------------------------------

--
-- Structure de la table `Supports`
--

CREATE TABLE IF NOT EXISTS `Supports` (
  `ID` smallint(5) unsigned NOT NULL auto_increment,
  `nom` varchar(32) collate latin1_general_ci NOT NULL,
  `pti_nom` varchar(32) collate latin1_general_ci NOT NULL,
  `dossier` varchar(32) collate latin1_general_ci NOT NULL,
  `article_ID` int(10) unsigned NOT NULL default '1',
  `zip` varchar(32) collate latin1_general_ci NOT NULL COMMENT 'archive',
  PRIMARY KEY  (`ID`),
  UNIQUE KEY `nom` (`nom`,`dossier`)
) ENGINE=MyISAM  DEFAULT CHARSET=latin1 COLLATE=latin1_general_ci AUTO_INCREMENT=19 ;

--
-- Contenu de la table `Supports`
--

INSERT INTO `Supports` (`ID`, `nom`, `pti_nom`, `dossier`, `article_ID`, `zip`) VALUES
(0, 'bouton poussoir', 'BP', 'BP', 1, 'BP'),
(1, 'but&eacute;e 5 axes', 'butee', 'butee5axes', 2, 'Butee5axes'),
(2, 'cambreuse', 'cambreuse', 'cambreuse', 2, 'Cambreuse'),
(3, 'cric bouteille', 'cric', 'cric_bouteille', 1, 'cric_bouteille'),
(4, 'cric hydraulique 2 tonnes', 'cric', 'cric_hydraulique', 1, 'cric_hydraulique'),
(5, '&eacute;lectrovanne', 'electrovanne', 'electrovanne', 3, 'Electrovanne'),
(6, '&eacute;tau de mod&eacute;lisme', 'etau', 'etau', 3, 'Etau2modeliste'),
(7, 'extracteur de roulement', 'extracteur', 'extracteur2roulement', 3, 'Extracteur2roulement'),
(8, 'mini coupe-tube', 'mini_coupe-tube', 'coupe-tube', 1, 'Mini_coupe-tube'),
(9, 'pince de marquage', 'pince', 'x2marquage', 2, 'Pince2marquage'),
(10, 'pince de robot', 'pince', 'pince2robot', 2, 'Pince2robot'),
(11, 'pompe &agrave; palettes', 'pompe', 'pompeApalettes', 2, 'pompeApalettes'),
(12, 'pr&eacute;henseur de culasse', 'prehenseur', 'prehenseur', 1, 'prehenseur2culasse'),
(14, 'alternateur', 'alternateur', 'alternateur', 3, 'alternateur'),
(15, 'casse-noix', 'casseNoix', 'casse_noix', 1, 'CasseNoix'),
(16, 'bride &agrave; nez', 'bride', 'brideAnez', 2, 'brideAnez'),
(17, 'unit&eacute; de marquage', 'unite2marquage', 'unite2marquage', 3, 'unite2marquage'),
(18, 'vanne Legris', 'vanne', 'Legris', 2, 'Vanne');

/*!40101 SET CHARACTER_SET_CLIENT=@OLD_CHARACTER_SET_CLIENT */;
/*!40101 SET CHARACTER_SET_RESULTS=@OLD_CHARACTER_SET_RESULTS */;
/*!40101 SET COLLATION_CONNECTION=@OLD_COLLATION_CONNECTION */;
