
SET SQL_MODE="NO_AUTO_VALUE_ON_ZERO";


/*!40101 SET @OLD_CHARACTER_SET_CLIENT=@@CHARACTER_SET_CLIENT */;
/*!40101 SET @OLD_CHARACTER_SET_RESULTS=@@CHARACTER_SET_RESULTS */;
/*!40101 SET @OLD_COLLATION_CONNECTION=@@COLLATION_CONNECTION */;
/*!40101 SET NAMES utf8 */;




CREATE TABLE IF NOT EXISTS `Items_menu` (
  `support_ID` int(10) unsigned NOT NULL,
  `item` tinyint(1) unsigned NOT NULL,
  `sous_item` tinyint(1) unsigned NOT NULL default '0',
  `texte` text collate latin1_general_ci NOT NULL,
  `script` varchar(20) collate latin1_general_ci NOT NULL,
  `param1` text collate latin1_general_ci NOT NULL,
  `param2` text collate latin1_general_ci NOT NULL,
  `param3` text collate latin1_general_ci NOT NULL,
  `param4` text collate latin1_general_ci NOT NULL,
  UNIQUE KEY `support-page unique` (`support_ID`,`item`,`sous_item`)
) ENGINE=MyISAM DEFAULT CHARSET=latin1 COLLATE=latin1_general_ci;


INSERT INTO `Items_menu` (`support_ID`, `item`, `sous_item`, `texte`, `script`, `param1`, `param2`, `param3`, `param4`) VALUES
(0, 1, 0, 'Mise en situation', 'MES', '', '', '', ''),
(0, 2, 0, 'Diagramme pieuvre', 'pieuvre', '', '', '', ''),
(0, 3, 0, 'Dessin d&apos;ensemble', 'dessin_densemble', 'dessin_BP', 'BP', '', ''),
(0, 4, 0, '&Eacute;clat&eacute;', 'eclate', 'eclate_BP', 'BP', '', ''),
(0, 5, 0, 'Nomenclature', 'nomenclature', '', '', '', ''),
(1, 1, 0, 'Mise en situation', 'MES', '', '', '', ''),
(1, 4, 0, 'Nomenclature', 'nomenclature', '', '', '', ''),
(1, 3, 0, '&Eacute;clat&eacute;', 'eclate', 'eclate_butee', 'butee', '', ''),
(2, 1, 0, 'Mise en situation', 'MES', '', '', '', ''),
(2, 2, 0, 'Fonctionnement', 'fonctionnement', '', '', '', ''),
(2, 2, 1, '&Eacute;tape 1', 'position1', '', '', '', ''),
(2, 2, 2, '&Eacute;tape 2', 'position2', '', '', '', ''),
(2, 2, 3, '&Eacute;tape 3', 'position3', '', '', '', ''),
(2, 3, 0, 'Caract&eacute;ristiques', 'caracteristiques', '', '', '', ''),
(2, 4, 0, 'Dessin d&apos;ensemble', 'dessin_densemble', 'dessin_cambreuse', 'cambreuse', '', ''),
(2, 5, 0, '&Eacute;clat&eacute;', 'eclate', 'eclate_cambreuse', 'cambreuse', '', ''),
(3, 1, 0, 'Mise en situation', 'MES', '', '', '', ''),
(3, 2, 0, 'Fonctionnement', 'fonctionnement', '', '', '', ''),
(3, 2, 1, 'Mont&eacute;e', 'montee', '', '', '', ''),
(3, 2, 2, 'Descente', 'descente', '', '', '', ''),
(3, 3, 0, 'Analyse fonctionnelle', 'pieuvre', '', '', '', ''),
(3, 4, 0, 'Dessin d&apos;ensemble', 'dessin_densemble', 'dessin_cric', 'cric', '', ''),
(3, 5, 0, 'Nomenclature', 'nomenclature', '', '', '', ''),
(3, 6, 0, '&Eacute;clat&eacute;', 'eclate', 'eclate_cric', 'cric', '', ''),
(4, 1, 0, 'Mise en situation', 'MES', '', '', '', ''),
(4, 2, 0, 'Fonctionnement', 'fonctionnement', '', '', '', ''),
(4, 2, 1, 'mont&eacute;e', 'monte', '', '', '', ''),
(4, 2, 2, 'descente', 'descend', '', '', '', ''),
(4, 2, 3, 'pr&eacute;cautions d&apos;utilisation', 'precautions', '', '', '', ''),
(4, 3, 0, 'Mouvements du cric', 'mvt', '', '', '', ''),
(4, 3, 1, 'de face', 'mvt-face', '', '', '', ''),
(4, 3, 2, 'en perspective', 'mvt-3d', '', '', '', ''),
(4, 4, 0, 'Analyse fonctionnelle', 'AF', '', '', '', ''),
(4, 4, 1, 'diagramme des int&eacute;racteurs', 'pieuvre', '', '', '', ''),
(4, 4, 2, 'FAST "Levage du v&eacute;hicule"', 'fast_levage', '', '', '', ''),
(4, 4, 3, 'FAST "D&eacute;pose du v&eacute;hicule"', 'fast_depose', '', '', '', ''),
(4, 5, 0, '&Eacute;clat&eacute;', 'eclate_cric', '', '', '', ''),
(4, 6, 0, 'Nomenclature', 'nomenclature', '', '', '', ''),
(4, 7, 0, 'Entretien du cric', 'entretien', '', '', '', ''),
(4, 7, 1, 'Probl&egrave;me au levage', 'pb_levage', '', '', '', ''),
(4, 7, 2, 'Probl&egrave;me &agrave; la descente', 'pb_descente', '', '', '', ''),
(5, 1, 0, 'Mise en situation', 'MES', '', '', '', ''),
(5, 2, 0, 'Fonctionnement', 'fonctionnement', '', '', '', ''),
(5, 3, 0, 'Analyse fonctionnelle', 'AF', '', '', '', ''),
(5, 4, 0, 'Dessin d&apos;ensemble', 'dessin_densemble', 'dessin_electrovanne', 'electrovanne', '', ''),
(5, 5, 0, 'Nomenclature', 'nomenclature', '', '', '', ''),
(6, 1, 0, 'Mise en situation', 'MES', '', '', '', ''),
(6, 2, 0, 'Fonctionnement', 'fonctionnement', '', '', '', ''),
(6, 3, 0, 'Dessin d&apos;ensemble', 'dessin_densemble', 'dessin_etau', 'etau', '', ''),
(6, 4, 0, 'Nomenclature', 'nomenclature', '', '', '', ''),
(6, 5, 0, '&Eacute;clat&eacute;', 'eclate', 'eclate_etau', 'etau', '', ''),
(6, 6, 0, 'Classes d&apos;&eacute;quivalence', 'CE', '', '', '', ''),
(7, 1, 0, 'Mise en situation', 'MES', '', '', '', ''),
(7, 2, 0, 'Fonctionnement', 'fonctionnement', '', '', '', ''),
(7, 3, 0, 'Dessin d&apos;ensemble', 'dessin_densemble', 'dessin_extracteur', 'extracteur', '', ''),
(7, 4, 0, 'Nomenclature', 'nomenclature', '', '', '', ''),
(7, 5, 0, '&Eacute;clat&eacute;', 'eclate', 'eclate_extracteur', 'extracteur', '', ''),
(8, 1, 0, 'Mise en situation', 'MES', '', '', '', ''),
(8, 2, 0, 'Diagramme A-0', 'A-0', '', '', '', ''),
(8, 3, 0, 'Dessin d&apos;ensemble', 'dessin_densemble', 'dessin_mini_coupe-tube', 'mini_coupe-tube', '', ''),
(8, 4, 0, '&Eacute;clat&eacute;', 'eclate', 'eclate_mini_coupe-tube', 'mini_coupe-tube', '', ''),
(8, 5, 0, 'Nomenclature', 'nomenclature', '', '', '', ''),
(9, 1, 0, 'Mise en situation', 'MES', '', '', '', ''),
(9, 2, 0, 'Fonctionnement', 'fonctionnement', '', '', '', ''),
(9, 3, 0, 'Dessin d&apos;ensemble', 'dessin_densemble', 'dessin_pince', 'pince', '', ''),
(9, 4, 0, 'Nomenclature', 'nomenclature', '', '', '', ''),
(9, 5, 0, '&Eacute;clat&eacute;', 'eclate', 'eclate_pince', 'pince', '', ''),
(10, 1, 0, 'Mise en situation', 'MES', '', '', '', ''),
(10, 2, 0, 'Fonctionnement', 'fonctionnement', '', '', '', ''),
(10, 3, 0, 'Nomenclature', 'nomenclature', '', '', '', ''),
(10, 4, 0, '&Eacute;clat&eacute;', 'eclate', 'eclate_pince', 'pince', '', ''),
(11, 1, 0, 'Mise en situation', 'MES', '', '', '', ''),
(11, 2, 0, 'Dessin d&apos;ensemble', 'dessin_densemble', 'dessin_pompe', 'pompe', '', ''),
(11, 3, 0, 'Nomenclature', 'nomenclature', '', '', '', ''),
(11, 4, 0, '&Eacute;clat&eacute;', 'eclate', 'eclate_pompe', 'pompe', '', ''),
(12, 1, 0, 'Mise en situation', 'MES', '', '', '', ''),
(12, 1, 1, 'Dispositif de transfert', 'dispositif_transfert', '', '', '', ''),
(12, 1, 2, '&eacute;tape 1', 'transfert1', '', '', '', ''),
(12, 1, 3, '&eacute;tape 2', 'transfert2', '', '', '', ''),
(12, 1, 4, '&eacute;tape 3 et 4', 'transfert3et4', '', '', '', ''),
(12, 1, 5, '&eacute;tape 5', 'transfert5', '', '', '', ''),
(12, 1, 6, '&eacute;tape 6', 'transfert6', '', '', '', ''),
(12, 5, 0, '&Eacute;clat&eacute;', 'eclate_CE', '', '', '', ''),
(12, 5, 1, 'CE1: b&acirc;ti', 'association', 'CE1', 'CE1', '.EASM', 'Le b&acirc;ti'),
(12, 5, 2, 'CE2: tige de v&eacute;rin', 'association', 'CE2', 'CE2', '.EASM', 'La tige de v&eacute;rin'),
(12, 5, 3, 'CE3: biellette', 'association', 'CE3', 'CE3', '.EASM', 'Les biellettes'),
(12, 5, 4, 'CE4: bras avec deux doigts', 'association', 'CE4', 'CE4', '.EASM', 'deux doigts'),
(12, 5, 5, 'CE5: bras avec un doigt', 'association', 'CE5', 'CE5', '.EASM', 'un doigt'),
(12, 6, 0, 'M&eacute;canique', 'mecanique', '', '', '', ''),
(12, 6, 1, 'd&eacute;placement de la tige', 'tige', '', '', '', ''),
(12, 6, 2, 'd&eacute;placement de la pince', 'pince', '', '', '', ''),
(12, 6, 3, 'effort de la tige de v&eacute;rin', 'effort_verin', '', '', '', ''),
(12, 6, 4, 'effort de l&apos;articulation', 'effort_articulation', '', '', '', ''),
(13, 1, 0, 'Mise en situation', 'MES', '', '', '', ''),
(13, 2, 0, 'Fonctionnement', 'fonctionnement', '', '', '', ''),
(13, 3, 0, 'Dessin d&apos;ensemble', 'dessin_densemble', 'dessin_vanne', 'vanne', '', ''),
(13, 4, 0, 'Nomenclature', 'nomenclature', '', '', '', ''),
(13, 5, 0, '&Eacute;clat&eacute;', 'eclate', 'eclate_vanne', 'vanne', '', ''),
(14, 1, 0, 'Mise en situation', 'MES', '', '', '', ''),
(14, 2, 0, 'Vue d&apos;ensemble', 'ensemble', '', '', '', ''),
(14, 3, 0, 'Vue &eacute;clat&eacute;e', 'vue_eclatee', '', '', '', ''),
(14, 4, 0, 'Nomenclature', 'nomenclature', '', '', '', ''),
(15, 1, 0, 'Mise en situation', 'MES', '', '', '', ''),
(15, 2, 0, 'Diagramme A-0', 'A-0', '', '', '', ''),
(15, 3, 0, 'Dessin d&apos;ensemble', 'dessin_densemble', 'dessin_casseNoix', 'casseNoix', '', ''),
(15, 4, 0, '&Eacute;clat&eacute;', 'eclate', 'eclate_casseNoix', 'casseNoix', '', ''),
(15, 5, 0, 'Nomenclature', 'nomenclature', '', '', '', ''),
(16, 1, 0, 'Mise en situation', 'MES', '', '', '', ''),
(16, 2, 0, 'Fonctionnement', 'fonctionnement', '', '', '', ''),
(16, 3, 0, 'Caract&eacute;ristiques', 'caracteristiques', '', '', '', ''),
(16, 4, 0, 'Montage de bridage', 'montage_bridage', '', '', '', ''),
(16, 5, 0, '&Eacute;clat&eacute; du montage', 'vue_eclatee', '', '', '', ''),
(16, 7, 0, 'Dessin d&apos;ensemble', 'dessin_densemble', 'dessin_bride', 'bride', '', ''),
(1, 2, 0, 'Pr&eacute;sentation des axes', 'presentation_axes', '', '', '', ''),
(1, 2, 1, 'axe 1', 'axe1', '', '', '', ''),
(1, 2, 2, 'axe 2', 'axe2', '', '', '', ''),
(1, 2, 3, 'axe 3', 'axe3', '', '', '', ''),
(1, 2, 4, 'axe 4', 'axe4', '', '', '', ''),
(1, 2, 5, 'axe 5', 'axe5', '', '', '', ''),
(3, 7, 0, 'Dessins de d&eacute;finition', 'dessins2definition', '', '', '', ''),
(3, 7, 1, 'axe d&apos;articulation', 'def_axe_articulation', '', '', '', ''),
(3, 7, 2, 'biellette', 'def_biellette', '', '', '', ''),
(3, 7, 3, 'chandelle', 'def_chandelle', '', '', '', ''),
(3, 7, 4, 'chape', 'def_chape', '', '', '', ''),
(3, 7, 5, 'corps de pompe', 'def_corps2pompe', '', '', '', ''),
(3, 7, 6, 'cylindre principal', 'def_cylindre_p', '', '', '', ''),
(3, 7, 7, 'embase', 'def_embase', '', '', '', ''),
(3, 7, 8, 'levier', 'def_levier', '', '', '', ''),
(3, 7, 9, 'piston de pompe', 'def_piston2pompe', '', '', '', ''),
(3, 7, 10, 'piston r&eacute;cepteur', 'def_piston_recepteur', '', '', '', ''),
(3, 7, 11, 'pointeau', 'def_pointeau', '', '', '', ''),
(3, 7, 12, 'poussoir tarage', 'def_poussoir_tarage', '', '', '', ''),
(3, 7, 13, 'r&eacute;servoir', 'def_reservoir', '', '', '', ''),
(3, 7, 14, 'tirant M4', 'def_tirants_M4', '', '', '', ''),
(16, 9, 0, 'Nomenclature', 'nomenclature', '', '', '', ''),
(16, 2, 1, 'd&eacute;but de la phase 1', 'debut_ph1', '', '', '', ''),
(16, 2, 2, 'phase 1', 'phase1', '', '', '', ''),
(16, 2, 3, 'd&eacute;but de la phase 2', 'debut_ph2', '', '', '', ''),
(16, 2, 4, 'phase 2', 'phase2', '', '', '', ''),
(16, 6, 0, 'Sous-ensembles', 'sous-ensembles', '', '', '', ''),
(16, 6, 1, 'corps de bride', 'corps2bride', '', '', '', ''),
(16, 6, 2, 'nez de bride', 'nez_bride', '', '', '', ''),
(16, 6, 3, 'piston complet', 'piston_complet', '', '', '', ''),
(16, 6, 4, 'plaquette', 'plaquette', '', '', '', ''),
(16, 6, 5, 'ressort', 'ressort', '', '', '', ''),
(16, 8, 0, '&Eacute;clat&eacute; de la bride', 'eclate_bride', '', '', '', ''),
(12, 2, 0, 'Fonctionnement', 'fonctionnement', '', '', '', ''),
(12, 2, 2, 'fermeture', 'fermeture', '', '', '', ''),
(12, 2, 1, 'ouverture', 'ouverture', '', '', '', ''),
(12, 3, 0, 'Dessin d&apos;ensemble', 'dessin_densemble', 'dessin_prehenseur', 'prehenseur', '', ''),
(12, 4, 0, 'Nomenclature', 'nomenclature', '', '', '', ''),
(17, 1, 0, 'Mise en situation', 'MES', '', '', '', ''),
(17, 2, 0, '&Eacute;l&eacute;ments constitutifs', 'elements', '', '', '', ''),
(17, 2, 1, 'corps', 'corps', '', '', '', ''),
(17, 2, 2, 'V&eacute;rin', 'verin', '', '', '', ''),
(17, 2, 3, 'Enclume', 'enclume', '', '', '', ''),
(17, 2, 4, 'Embiellage', 'embiellage', '', '', '', ''),
(17, 2, 5, 'Levier', 'levier', '', '', '', ''),
(17, 4, 0, 'Dessin d&apos;ensemble', 'dessin_densemble', 'dessin_unite2marquage', 'unite2marquage', '', ''),
(17, 7, 0, 'Flasque droit', 'situation_flasque', '', '', '', ''),
(17, 7, 1, 'flasque', 'flasque', '', '', '', ''),
(17, 7, 2, 'dessin de d&eacute;finition', 'def_flasque', '', '', '', ''),
(17, 8, 0, 'M&eacute;canique', 'mecanique', '', '', '', ''),
(17, 8, 1, 'efforts embiellage/Levier', 'effort_embiellage', '', '', '', ''),
(17, 8, 2, 'effort de marquage', 'effort_marquage', '', '', '', ''),
(17, 8, 3, 'vitesse de la biellette', 'vitesse_biellette', '', '', '', ''),
(17, 8, 4, 'vitesse du Levier', 'vitesse_levier', '', '', '', ''),
(17, 3, 0, 'Fonctionnement', 'fonctionnement', '', '', '', ''),
(17, 5, 0, '&Eacute;clat&eacute;', 'eclate', 'eclate_unite2marquage', 'unite2marquage', '', ''),
(17, 6, 0, 'Classes d&apos;&eacute;quivalence', 'CE', '', '', '', '');



CREATE TABLE IF NOT EXISTS `Materiaux` (
  `ID` int(11) unsigned NOT NULL auto_increment,
  `formule` varchar(99) collate latin1_general_ci NOT NULL,
  `URL_wiki` text collate latin1_general_ci NOT NULL,
  PRIMARY KEY  (`ID`),
  UNIQUE KEY `formule` (`formule`)
) ENGINE=MyISAM  DEFAULT CHARSET=latin1 COLLATE=latin1_general_ci AUTO_INCREMENT=28 ;


INSERT INTO `Materiaux` (`ID`, `formule`, `URL_wiki`) VALUES
(0, '', '#'),
(1, '45 Si 8', 'Acier#Aciers_faiblement_alli.C3.A9s'),
(2, 'AU4-G', 'Dural'),
(3, 'C 40', 'Acier#Aciers_non_alli.C3.A9s_sp.C3.A9ciaux_.28type_C.29'),
(4, 'C 60', 'Acier#Aciers_non_alli.C3.A9s_sp.C3.A9ciaux_.28type_C.29'),
(5, 'Cu Zn 15', 'Alliage_de_cuivre'),
(6, 'Cu Zn 39 Pb 2', 'Alliage_de_cuivre'),
(7, 'CW 453K', 'Bronze'),
(8, 'E 335', 'Acier#Aciers_non_alli.C3.A9s_d.27usage_g.C3.A9n.C3.A9ral'),
(9, 'EN AW 2017', 'D%C3%A9signation_des_m%C3%A9taux_et_alliages#Alliage_d.27aluminium_destin.C3.A9s_au_corroyage'),
(10, 'PF 21 (Bak&eacute;lite)', 'Bak%C3%A9lite'),
(11, 'PMMA', 'Polym%C3%A9thacrylate_de_m%C3%A9thyle'),
(12, 'S 235', 'Acier#Aciers_non_alli.C3.A9s'),
(13, 't&eacute;flon', 'T%C3%A9flon'),
(14, 'S 275', 'Acier#Aciers_non_alli.C3.A9s'),
(15, 'stub', '#'),
(16, 'h&ecirc;tre', ''),
(17, 'EN-GJS-600-2', 'Fonte_(m%C3%A9tallurgie)#Fonte_GS_(graphite_sph%C3%A9ro%C3%AFdal,_aussi_appel%C3%A9e_fonte_ductile)'),
(18, 'C 55', 'Acier#Aciers_non_alli.C3.A9s_sp.C3.A9ciaux_.28type_C.29'),
(19, '55 Cr3', 'Acier#Aciers_faiblement_alli.C3.A9s'),
(20, 'E 295', 'Acier#Aciers_non_alli.C3.A9s_d.27usage_g.C3.A9n.C3.A9ral'),
(21, 'C35', 'Acier#Aciers_non_alli.C3.A9s_sp.C3.A9ciaux_.28type_C.29'),
(22, 'S 185', 'Acier#Aciers_non_alli.C3.A9s'),
(23, 'X 12 Cr 13', 'Désignation_des_métaux_et_alliages#Aciers'),
(24, 'Cu Al10 Fe', 'Alliage_de_cuivre'),
(25, 'EN AW 2018', 'D%C3%A9signation_des_m%C3%A9taux_et_alliages#Alliage_d.27aluminium_destin.C3.A9s_au_corroyage'),
(26, 'PTFE', 'Polytétrafluoroéthylène'),
(27, 'GE 295', 'Acier#Aciers_non_alli%C3%A9s_d''usage_g%C3%A9n%C3%A9ral');



CREATE TABLE IF NOT EXISTS `Pieces` (
  `support_ID` int(10) unsigned NOT NULL,
  `nom` varchar(64) collate latin1_general_ci NOT NULL,
  `repere` int(10) unsigned NOT NULL,
  `quantite` int(10) unsigned NOT NULL default '1',
  `matiere_ID` int(10) NOT NULL default '0',
  `observation` text collate latin1_general_ci NOT NULL,
  `fichier` varchar(32) collate latin1_general_ci NOT NULL,
  `assemblage` tinyint(3) unsigned NOT NULL default '0',
  KEY `support-repère` (`support_ID`,`repere`)
) ENGINE=MyISAM DEFAULT CHARSET=latin1 COLLATE=latin1_general_ci COMMENT='Listes des pièces de chaque support';


INSERT INTO `Pieces` (`support_ID`, `nom`, `repere`, `quantite`, `matiere_ID`, `observation`, `fichier`, `assemblage`) VALUES
(14, 'carter gauche', 1, 1, 0, '', 'carter_gauche', 0),
(14, 'carter droit', 3, 1, 2, '', 'carter_droit', 0),
(14, 'rotor &agrave; griffes', 4, 1, 0, '', 'rotorAgriffes', 1),
(14, 'stator', 5, 1, 0, '', 'stator', 0),
(14, 'arbre du rotor', 6, 1, 0, '', 'arbreDUrotor', 0),
(14, 'rondelle', 10, 1, 0, '', 'rondelle', 0),
(14, 'poulie pour courroie polyV', 11, 1, 0, '', 'poulie', 0),
(14, '&eacute;crou', 12, 1, 0, '', 'ecrou', 0),
(14, 'vis ISO M5x85x26', 15, 4, 0, '', 'vis_ISO_M5x85x26', 0),
(14, 'plaque support de roulement', 20, 1, 0, '', 'plaque', 0),
(14, 'roulement ?int 17 ?ext 52  l : 17 - 2RS', 21, 1, 0, '', 'roulement1', 0),
(14, 'roulement 6202', 22, 1, 0, '', 'roulement2', 0),
(14, 'bague de roulement', 23, 1, 13, '', 'bague2roulement', 0),
(14, 'joint', 25, 1, 0, '', 'joint', 0),
(0, 'Corps', 1, 1, 10, '', 'Corps', 0),
(0, 'Borne', 2, 2, 5, 'Cadmi&eacute;', 'borne', 0),
(0, 'Vis CS M2-4', 3, 4, 6, '', 'Vis_CS', 0),
(0, 'Fourreau', 4, 1, 6, 'Cadmi&eacute;', 'Fourreau', 0),
(0, '&Eacute;crou H M12-1', 5, 1, 5, 'Cadmi&eacute;', 'Ecrou_H', 0),
(0, '&Eacute;crou molet&eacute;', 6, 1, 5, 'Cadmi&eacute;', 'Ecrou_molete', 0),
(0, 'Ressort', 7, 1, 1, '', 'Ressort', 0),
(0, 'Rondelle de contact', 8, 1, 5, '&Eacute;tam&eacute;e', 'Rondelle', 0),
(0, 'Cylindre de pouss&eacute;e', 9, 1, 10, 'Coll&eacute; dans 11', 'Cylindre', 0),
(0, 'Vis FS M2.5-18', 10, 1, 6, '', 'Vis_FS', 0),
(0, 'Poussoir', 11, 1, 12, 'Chrom&eacute;', 'Poussoir', 0),
(1, 'socle', 1, 1, 9, '', 'socle', 0),
(1, 'contre embase', 2, 1, 9, '', 'contreembase', 0),
(1, 'module bis', 3, 1, 9, '', 'module', 0),
(1, 'axe', 4, 1, 9, '', 'axe4', 0),
(1, 'vis CHc M4 - 55', 5, 1, 9, '', 'vis4x55', 0),
(1, 'embase', 6, 1, 9, 'commerce', 'embase', 0),
(1, 'interm&eacute;diaire', 7, 1, 9, '', 'intermediaire', 0),
(1, 'bouton', 8, 1, 9, '', 'bouton', 0),
(1, 'tige filet&eacute;e', 9, 1, 9, 'commerce', 'tige_filetee', 0),
(1, 'axe', 10, 1, 9, '', 'axe10', 0),
(1, 'embout', 11, 1, 9, '', 'embout', 0),
(1, 'tige', 12, 1, 9, '', 'tige', 0),
(2, 'Table', 1, 1, 0, 'non repr&eacute;sent&eacute;e', 'Table', 0),
(2, 'Corps de v&eacute;rin ISO 6431 63X50', 2, 1, 0, '', 'corps2verin', 1),
(2, 'Corps de v&eacute;rin ISO 6431 80X50', 3, 1, 0, '', 'corps2verin2', 1),
(2, 'Tige de v&eacute;rin ISO 6431 63X50', 4, 1, 0, '', 'tige2verin', 1),
(2, 'Tige de v&eacute;rin ISO 6431 80X50', 5, 1, 0, '', 'tige2verin2', 1),
(2, 'Vis H M8x65', 6, 1, 0, 'NF EN ISO 4017', 'visHM8x65', 0),
(2, 'Basculeur usin&eacute;', 7, 1, 9, '', 'basculeur', 0),
(2, 'Axe de bielle', 8, 1, 3, '', 'axe2bielle', 0),
(2, 'Coussinet 12-18x12', 9, 2, 7, 'ISO 2795', 'coussinet12-18x12', 0),
(2, 'Bielle', 10, 1, 8, '', 'bielle', 0),
(2, 'Coussinet 12-18x16', 11, 3, 7, 'ISO 2795', 'coussinet12-18x16', 0),
(2, 'Coussinet 16-22x16', 12, 1, 7, 'ISO 2795', 'coussinet16-22x16', 0),
(2, 'Chape', 13, 1, 12, '', 'chape', 0),
(2, 'Axe de chape', 14, 1, 3, '', 'Axe2chape', 0),
(2, 'But&eacute;e', 15, 1, 12, '', 'butee', 0),
(2, 'Bride de blocage', 16, 1, 3, 'Tremp&eacute;', 'Bride2blocage', 0),
(2, 'Bride', 17, 1, 3, '', 'Bride', 0),
(2, 'Flasque', 18, 2, 9, '', 'Flasque', 0),
(2, 'Plaque de support de v&eacute;rin de cambrage', 19, 1, 0, '', 'Plaque_cambrage', 0),
(2, 'Plaque de support de v&eacute;rin de bridage', 20, 1, 0, '', 'Plaque_bridage', 0),
(2, 'Cale', 21, 1, 9, '', 'Cale', 0),
(2, 'Support de fixation', 22, 4, 12, '', 'Support2fixation', 0),
(2, 'Bride d&apos;arbre', 23, 4, 12, '', 'Bride_darbre', 0),
(2, 'Tige de guidage', 24, 2, 0, '', 'Tige2guidage', 0),
(2, 'Plaque support de posoir', 25, 1, 12, '', 'Plaque_support2posoir', 0),
(2, 'Support de vis d&apos;arr&ecirc;t', 26, 1, 12, '', 'Support2vis_darret', 0),
(2, 'Support d&apos:axe d&apos;&eacute;querre', 27, 2, 0, '', 'Support_daxe_dequerre', 0),
(2, 'Axe d&apos;&eacute;querre', 28, 2, 0, '', 'Axe_dequerre', 0),
(2, '&Eacute;crou H M8', 29, 1, 0, 'ISO EN 4032', 'EcrouHM8', 0),
(2, 'Vis CHC M6-16-14', 30, 20, 0, '', 'CHCM6-16-14', 0),
(2, 'Vis CHC M8-16-14', 31, 16, 0, '', 'CHCM8-16-14', 0),
(2, 'Support de but&eacute;e', 32, 1, 3, '', 'Support2butee', 0),
(2, 'But&eacute;e de positionnement ext&eacute;rieure', 33, 5, 3, '', 'Butee2positionnement_ext', 0),
(2, 'Goupille 3 x 20', 34, 2, 0, 'ISO 8752', 'Goupille3x20', 0),
(2, 'Vis t&ecirc;te frais&eacute;e M6-12', 35, 4, 0, 'ISO 10642', 'VisFSM6-12', 0),
(2, 'Appui fil d=8 L = 150', 36, 1, 0, '', 'Appui_fil_d8_L150', 0),
(2, 'Branche gauche', 37, 1, 0, '', 'branche_gauche', 0),
(2, 'Branche droite', 38, 1, 0, '', 'branche_droite', 1),
(8, 'Corps', 1, 1, 0, '', 'corps', 0),
(8, 'Coulisseau', 2, 1, 0, '', 'coulisseau', 0),
(8, 'Rouleau', 3, 2, 0, '', 'rouleau', 0),
(8, 'Axe de rouleau', 4, 2, 0, '', 'axe2rouleau', 0),
(8, 'Molette', 5, 1, 0, '', 'molette', 0),
(8, 'Axe de molette', 6, 1, 0, '', 'axe2molette', 0),
(8, 'Axe de manoeuvre', 7, 1, 0, '', 'axe2manoeuvre', 0),
(8, 'Anneau &eacute;lastique d&apos;arbre', 8, 1, 0, '', 'anneau_elastique', 0),
(8, 'Bouton de manoeuvre', 9, 1, 0, '', 'bouton2manoeuvre', 0),
(3, 'Embase de cric', 1, 1, 9, '', 'Embase', 0),
(3, 'Corps de pompe', 2, 1, 9, '', 'Corps2pompe', 0),
(3, 'Piston de pompe', 3, 1, 12, '', 'piston_pompe', 0),
(3, 'Axe d&apos;articulation', 4, 2, 12, '', 'axe_articulation', 0),
(3, 'Segment d&apos;arr&ecirc;t radial 6 x 0,7', 5, 4, 0, '', 'segment_arret', 0),
(3, 'Articulation', 6, 1, 9, '', 'articulation', 0),
(3, 'Piston r&eacute;cepteur', 7, 1, 9, '', 'piston_recepteur', 0),
(3, 'Couvercle', 8, 1, 9, '', 'Couvercle', 0),
(3, 'Cylindre principal', 9, 1, 11, 'Polym&eacute;thylm&eacute;thacrylate', 'cylindre_principal', 0),
(3, 'R&eacute;servoir', 10, 1, 11, 'Polym&eacute;thylm&eacute;thacrylate', 'reservoir', 0),
(3, '&Eacute;crou M4', 11, 4, 0, '', 'ecrouM4', 0),
(3, 'Rondelle M4', 12, 4, 0, '', 'rondelleM4', 0),
(3, 'Tirant', 13, 4, 12, '', 'tirant', 0),
(3, 'Biellette', 14, 1, 12, '', 'biellette', 0),
(3, 'Axe d&apos;articulation de chape', 15, 1, 0, '', 'axe_chape', 0),
(3, 'Pointeau', 16, 1, 0, 'Vis sans t&ecirc;te à bout plat HC M10-30 modifi&eacute;e', 'pointeau', 0),
(3, 'Joint de pointeau de retour', 17, 1, 0, '', 'joint2pointeau', 0),
(3, 'Chandelle', 18, 1, 9, '', 'Chandelle', 0),
(3, 'Bille de tarage', 19, 1, 0, '', 'bille_tarage', 0),
(3, 'Poussoir de tarage', 20, 1, 12, '', 'poussoir2tarage', 0),
(3, 'Ressort de tarage', 21, 1, 4, '', 'ressort2tarage', 0),
(3, 'Vis de tarage', 22, 1, 12, '', 'vis2tarage', 0),
(3, 'Bouchon de tarage', 23, 1, 0, '', 'bouchon_tarage', 0),
(3, 'Joint plat de bouchon de tarage', 24, 1, 0, '', 'joint2tarage', 0),
(3, 'Bouchon de remplissage', 25, 1, 0, '', 'bouchon2remplissage', 0),
(3, 'Bille d&apos;admission', 26, 1, 0, '', 'bille_admission', 0),
(3, 'Joint de pompe', 27, 1, 0, '', 'joint2pompe', 0),
(3, 'Joint torique de piston', 28, 1, 0, '', 'joint2piston', 0),
(3, 'Vis de fixation du corps de pompe', 29, 1, 0, '', 'vis2fixation_du_corps2pompe', 0),
(3, 'Levier', 30, 1, 12, '', 'levier', 0),
(3, 'Joint torique de r&eacute;servoir', 31, 1, 0, '', 'joint2reservoir', 0),
(3, 'Joint torique de corps de pompe', 32, 1, 0, '', 'joint_torique2corps2pompe', 0),
(4, 'Flasque gauche', 1, 1, 0, '', 'flasque_gauche', 1),
(4, 'Flasque droit', 2, 1, 0, '', 'flasque_droit', 1),
(4, 'Roulette directrice assembl&eacute;e', 3, 2, 0, '', 'roulette_directrice', 1),
(4, 'Roue avant', 4, 2, 0, '', 'roue_avant', 0),
(4, 'Axe roues avant', 5, 2, 0, '', 'axe_roues_avant', 0),
(4, 'Axe pivot v&eacute;rin', 6, 2, 0, '', 'axe_pivot_verin', 0),
(4, 'Axe pivot bras de levage', 7, 1, 0, '', 'axe_pivot_bras_levage', 0),
(4, 'Rondelle M12', 8, 6, 0, '', 'rondelleM12', 0),
(4, '&Eacute;crou hexagonal ISO 4032-M12', 9, 6, 0, '', 'ecrouM12', 0),
(4, 'Tourillon', 10, 2, 0, '', '', 0),
(4, 'Anneau &eacute;lastique pour arbre 10x1', 11, 2, 0, '', '', 0),
(4, 'Unit&eacute; hydraulique', 12, 1, 0, '', '', 0),
(5, 'Corps', 1, 1, 0, '', 'corps', 0),
(5, 'Membrane', 2, 1, 0, '', 'membrane', 0),
(5, 'Joint torique', 3, 2, 0, '', 'joint_torique', 0),
(5, 'Noyau', 4, 1, 0, '', 'noyau', 0),
(5, 'Ressort', 5, 1, 0, '', 'ressort', 0),
(5, 'Support', 6, 1, 0, '', 'support', 0),
(5, 'Axe guide', 7, 1, 0, '', 'axe_guide', 0),
(5, 'Bobine', 8, 1, 0, '', 'bobine', 0),
(5, 'Boitier', 9, 1, 0, '', 'boitier', 0),
(5, 'Vis CHc M5-25', 10, 1, 0, '', 'vis', 0),
(5, '&Eacute;crou', 11, 1, 0, '', 'ecrou', 0),
(6, 'Mors mobile', 1, 1, 0, '', 'mors-mobile', 0),
(6, 'Mors fixe', 2, 1, 0, '', 'mors-fixe', 0),
(6, 'Garniture de mors mobile', 3, 1, 0, '', 'garniture-mors-mobile', 0),
(6, 'Vis FS M5-20 5-6', 4, 4, 0, '', 'vis_FS_M5-20', 0),
(6, 'Garniture de mors fixe', 5, 1, 0, '', 'garniture-mors-fixe', 0),
(6, 'Vis de manoeuvre', 6, 1, 0, '', 'vis2manoeuvre', 0),
(6, '&Eacute;crou H M12-8', 7, 1, 0, '', 'ecrou-H-M12', 0),
(6, 'Bague de renfort', 8, 1, 0, '', 'bague2renfort', 0),
(6, 'Tige de poign&eacute;e', 9, 1, 0, '', 'tige2poignee', 0),
(6, 'Semelle', 10, 1, 0, '', 'semelle', 0),
(6, 'Vis CHc M5-10 - 8.8', 11, 2, 0, '', 'vis_CHC_M5-10', 0),
(6, 'Tige guide', 12, 2, 0, '', 'tige_guide', 0),
(6, 'Vis sans t&ecirc;te HC M4-6', 13, 2, 0, '', 'vis_HC_M4-6', 0),
(6, 'Goupille &eacute;lastique', 14, 1, 0, '', 'goupille_elastique_3x16', 0),
(6, 'Embout de tige de poign&eacute;e', 15, 2, 0, '', 'embout2poignee', 0),
(7, 'Corps', 1, 1, 0, '', 'corps', 0),
(7, 'Vis', 2, 1, 0, '', 'vis', 0),
(7, '&Eacute;crou', 3, 1, 0, '', 'ecrou', 0),
(7, 'Axe', 4, 2, 0, '', 'axe', 0),
(7, 'Doigt', 5, 2, 0, '', 'doigt', 0),
(10, 'Corps', 1, 1, 0, '', 'corps', 1),
(10, 'Vis', 2, 1, 0, '', 'vis', 0),
(10, '&Eacute;crou', 3, 1, 0, '', 'ecrou', 0),
(10, 'roulement &agrave; double rang&eacute;e de billes', 4, 1, 0, '', 'roulement', 1),
(10, 'Levier', 5, 2, 0, '', 'levier', 0),
(10, 'Doigt', 6, 2, 0, '', 'doigt', 0),
(10, 'Grande biellette', 7, 4, 0, '', 'grande_biellette', 0),
(10, 'Petite biellette', 8, 2, 0, '', 'petite_biellette', 0),
(11, 'Corps', 1, 1, 0, '', 'corps', 0),
(11, 'Coussinet &agrave; collerette', 2, 1, 0, '', 'Coussinet', 0),
(11, 'Arbre', 3, 1, 0, '', 'arbre', 0),
(11, 'Anneau &eacute;lastique pour arbre 16x1', 4, 1, 0, '', 'Anneau_elastique', 0),
(11, 'Embout de tube 3/8e', 5, 2, 0, '', 'Embout_tube', 0),
(11, 'Palette', 6, 2, 0, '', 'Palette', 0),
(11, 'Joint torique 50.40x3.53', 7, 1, 0, '', 'joint_torique', 0),
(11, 'Plaque', 8, 1, 0, '', 'plaque', 0),
(11, 'Vis ISO 10642-m3X12-8.8', 9, 8, 0, '', 'Vis', 0),
(13, 'Corps', 1, 1, 5, '', 'corps', 0),
(13, 'Raccord', 2, 2, 5, '', 'raccord', 0),
(13, 'Bille', 3, 1, 5, '', 'bille', 0),
(13, 'Joint de si&egrave;ge', 4, 2, 26, '', 'joint2siege', 0),
(13, 'Axe de manoeuvre', 5, 1, 0, '', 'axe2manoeuvre', 0),
(13, 'Rondelle but&eacute;e', 6, 1, 20, '', 'rondelle_butee', 0),
(13, 'Rondelle L3', 7, 1, 5, '', 'rondelle_L3', 0),
(13, 'Manette', 8, 1, 27, 'Rouge', 'manette', 0),
(13, 'Vis', 9, 1, 5, '', 'vis', 0),
(13, 'Joint torique', 10, 1, 0, '', 'joint_torique', 0),
(13, 'Joint torique', 11, 2, 0, '', 'joint_torique2', 0),
(13, 'But&eacute;e', 12, 1, 20, '', 'butee', 0),
(9, 'Support de v&eacute;rin', 1, 1, 0, '', 'support2verin', 0),
(9, 'Fond', 2, 1, 0, '', 'fond', 0),
(9, 'Plaque avant', 3, 1, 0, '', 'plaque_avant', 0),
(9, 'Goupile ISO 87-34-5x16-A', 4, 4, 0, '', 'goupille', 0),
(9, 'T&ocirc;le de protection', 5, 1, 0, '', 'tole2protection', 0),
(9, 'Vis &eacute;paul&eacute;e M5x40 NF E 27-191', 6, 2, 0, '', 'vis_epauleeM5x40', 0),
(9, 'Entretoise', 7, 4, 0, '', 'entretoise', 0),
(9, 'Bras sup&eacute;rieur', 8, 1, 0, '', 'bras_superieur', 0),
(9, 'Bras inf&eacute;rieur', 9, 1, 0, '', 'bras_inferieur', 0),
(9, 'Carter sup&eacute;rieur', 10, 1, 0, '', 'carter_superieur', 0),
(9, 'Carter inf&eacute;rieur', 11, 1, 0, '', 'carter_inferieur', 0),
(9, 'Corps v&eacute;rin PES 32 P NA 254', 12, 1, 0, '', 'corps_verin', 0),
(9, 'Piston PES 32 NA 25 DM4', 13, 1, 0, '', 'piston', 1),
(9, 'Came', 14, 1, 0, '', 'came', 0),
(9, 'Axe', 15, 1, 0, '', 'axe', 0),
(9, 'Entretoise ep. 1.8', 16, 1, 0, '', 'entretoise_ep1.8', 0),
(9, 'Enclume', 17, 1, 0, '', 'enclume', 0),
(9, 'Plaque d&apos;appui', 18, 1, 0, '', 'plaque_dappui', 0),
(9, 'Poinçon', 19, 1, 0, '', 'poincon', 0),
(9, 'Roulement SNR 624EE', 20, 1, 0, '', 'roulement', 1),
(9, 'Vis FHC NF E 27-160M3X0,5-8-8.8', 21, 13, 0, '', 'visFHC', 0),
(9, 'Vis CZX NF E25-11 M3-0,5-10-4,8-1', 22, 8, 0, '', 'visCZX', 0),
(9, 'Vis sans t&ecirc;te &agrave; bout plat NF E-27-180 M3x0,5-8-3,3h', 23, 1, 0, '', 'vis_sans_tete', 0),
(9, 'Vis ISO 4762-M5x16-8.8', 24, 8, 0, '', 'visISO', 0),
(9, 'Ressort de rappel', 25, 1, 0, '', 'ressort', 0),
(15, 'colonne', 1, 2, 14, '', 'colonne', 0),
(15, 'embout', 3, 1, 6, '', 'embout', 0),
(15, 'levier', 2, 1, 15, '', 'levier', 0),
(15, 'excentrique', 4, 1, 6, '', 'excentrique', 0),
(15, 'piston', 5, 1, 14, '', 'piston', 0),
(15, 'coupelle', 6, 1, 9, '', 'coupelle', 0),
(15, 'r&eacute;hausse', 7, 1, 9, '', 'rehausse', 0),
(15, 'bague', 8, 1, 6, 'mont&eacute; serr&eacute; dans le bloc coulisse', 'bague', 0),
(15, 'bloc coulisse', 9, 1, 9, '', 'bloc_coulisse', 0),
(15, 'bloc pivot', 10, 2, 9, '', 'bloc_pivot', 0),
(15, 'socle', 11, 1, 16, '', 'socle', 0),
(15, 'goupille 6x26', 12, 1, 0, 'mont&eacute;e serr&eacute;e dans le bloc pivot', 'goupille', 0),
(15, 'vis CHc M5-16', 13, 2, 0, '', 'vis', 0),
(15, '&eacute;crou H M6', 14, 2, 0, '', 'ecrou', 0),
(15, 'rondelle ', 15, 2, 0, '', 'rondelle', 0),
(15, 'ressort dint=16, 10 spires', 16, 1, 0, '', 'ressort', 0),
(15, 'Vis sans t&ecirc;te HC &agrave; bout plat M5 - 6', 17, 2, 0, '', 'visSANStete', 0),
(15, 'plaquette support', 18, 1, 0, '', 'plaquette', 0),
(16, 'T&ecirc;te de bride', 1, 1, 17, '', 'tete2bride', 0),
(16, 'Corps de v&eacute;rin', 2, 1, 17, 'Image avec 1/4 enlev&eacute', 'corps2verin', 0),
(16, 'Support lame de ressort', 3, 1, 12, '', 'support_lame2ressort', 0),
(16, 'Vis &agrave; t&ecirc;te cylindrique &agrave; 6 pans creux M3-6', 4, 3, 0, 'Commerce', 'visCHcM3-6', 0),
(16, 'Vis &agrave; t&ecirc;te frais&eacute;e fendue M4-13', 5, 2, 0, 'Commerce', 'visFSM4-13', 0),
(16, 'Vis &agrave; t&ecirc;te cylindrique &agrave; 6 pans creux M6-20', 6, 4, 0, 'Commerce', 'visCHcM6-20', 0),
(16, 'Rondelle Grower W6', 7, 4, 0, 'Commerce', 'rondelle_growerW6', 0),
(16, 'Vis sans t&ecirc;te &agrave; six pans creux', 8, 1, 0, 'Commerce', 'visAHcM10-10', 0),
(16, 'Plaquette avant', 9, 1, 9, '', 'plaquette_avant', 0),
(16, 'Vis &agrave; t&ecurc;te frais&eacute;e fendue M3-8', 10, 4, 0, 'Commerce', 'visFSM3-8', 0),
(16, 'Axe', 11, 1, 18, '', 'axe', 0),
(16, 'Anneau &eacute;lastique pour al&eacute;sage 40x1,75', 12, 1, 0, 'Commerce', 'anneau_elastique40x1,75', 0),
(16, 'Vis sans t&ecirc;te &agrave; six pans creux M6-10', 13, 1, 0, 'Commerce', 'visAHcM6-10', 0),
(16, 'Lame de ressort', 14, 1, 19, '', 'lame2ressort', 0),
(16, 'Nez de bride', 15, 1, 20, '', 'nez2bride', 0),
(16, 'Piston', 16, 1, 0, 'Commerce', 'piston', 0),
(16, 'Segment de guidage de 40', 17, 1, 13, '', 'segment2guidage40', 0),
(16, 'Bague anti extrusion 34-40', 18, 3, 13, '', 'bague_anti_extrusion34-40', 0),
(16, 'Joint torique 35,6x3,6', 19, 2, 0, 'Commerce', 'joint_torique35,6x3,6', 0),
(16, 'Douille', 20, 1, 0, 'Commerce', 'douille', 0),
(16, 'Joint torique 16,6x2,7', 21, 1, 0, 'Commerce', 'joint_torique16.9x2.7', 0),
(16, 'Bague anti-extrusion 18-21', 22, 1, 13, '', 'bague_anti-extrusion18-21', 0),
(16, 'Goupille &eacute;lastique 4 x 35', 24, 1, 0, 'Commerce', 'goupille4x35', 0),
(16, 'chape', 25, 1, 21, '', 'chape', 0),
(16, 'Segment de guidage de 18', 23, 1, 21, '', 'racleur18', 0),
(16, 'Axe de chape', 26, 1, 0, '', 'axe2chape', 0),
(16, 'Axe de chape', 26, 1, 18, '', 'axe2chape', 0),
(16, 'Plaquette plastique', 27, 1, 0, '', 'plaquette_plastique', 0),
(16, 'Ressort de compression', 28, 1, 0, 'Commerce', 'ressort', 0),
(12, 'Ch&acirc;ssis', 1, 1, 14, '', 'chassis', 0),
(12, 'Renfort', 2, 2, 22, '', 'renfort', 0),
(12, 'Vis H M5 8', 3, 4, 0, '', 'visHM5-8', 0),
(12, 'Vis H M 10', 4, 14, 0, '', 'visHM6-10', 0),
(12, 'Rail TKSD', 5, 4, 0, '', 'railTKSD', 0),
(12, 'Chariot', 6, 4, 0, '', 'chariot', 0),
(12, 'Ensemble m&eacute;cano-soud&eacute; 2 doigts', 7, 1, 0, '', 'ensemble2doigts', 1),
(12, 'Vis HM8 16', 8, 4, 0, '', 'visHM8-16', 0),
(12, 'Rondelle M8', 9, 4, 0, '', 'rondelleM8', 0),
(12, 'Guide ressort', 10, 4, 0, '', 'guide', 0),
(12, 'Vis CHc M8 12', 11, 3, 0, '', 'visCHcM8-12', 0),
(12, 'Doigt', 13, 3, 23, '', 'doigt', 0),
(12, 'Vic CHc M5 16', 14, 32, 0, '', 'visCHcM5-16', 0),
(12, '&Eacute;crou H M16', 15, 4, 0, '', 'ecrouHM16', 0),
(12, '&Eacute;querre mobile', 16, 2, 0, '', 'equerreUPN', 0),
(12, 'Carter', 18, 1, 0, '', 'carter', 0),
(12, 'Bague', 19, 4, 24, '', 'bague2biellette', 0),
(12, 'Biellette', 20, 2, 25, '', 'biellette', 0),
(12, 'Fixation v&eacute;rin', 21, 2, 0, '', 'bride', 0),
(12, 'Corps de v&eacute;rin Joucomatic', 22, 1, 0, 'K 63 D 80 M', 'corps2verin', 0),
(12, 'Noix', 23, 1, 0, '', 'noix', 0),
(12, 'Ensemble m&eacute;cano-soud&eacute; 1 doigt', 24, 1, 0, '', 'ensemble1doigt', 1),
(12, 'Piston du v&eacute;rin', 25, 1, 0, '', 'piston', 0),
(12, 'Ressort', 26, 1, 0, '', 'ressort', 0),
(12, '&Eacute;querre fixe', 27, 2, 0, '', 'equerre_fixe', 0),
(12, 'Vis CHc M8 30', 28, 4, 0, '', 'visCHcM8-30', 0),
(12, 'Vis CHc M6 25', 29, 4, 0, '', 'visCHcM6-25', 0),
(12, 'Rondelle M6', 30, 4, 0, '', 'rondelleM6', 0),
(12, 'Vis CHc M10 25', 31, 4, 0, '', 'visCHcM10-25', 0),
(12, 'Vis CHc M4 22', 32, 16, 0, '', 'visCHcM4-22', 0);



CREATE TABLE IF NOT EXISTS `Supports` (
  `ID` int(10) unsigned NOT NULL auto_increment,
  `nom` varchar(32) collate latin1_general_ci NOT NULL,
  `pti_nom` varchar(32) collate latin1_general_ci NOT NULL,
  `dossier` varchar(32) collate latin1_general_ci NOT NULL,
  `article_ID` int(10) unsigned NOT NULL default '1',
  PRIMARY KEY  (`ID`),
  UNIQUE KEY `nom` (`nom`,`dossier`)
) ENGINE=MyISAM  DEFAULT CHARSET=latin1 COLLATE=latin1_general_ci AUTO_INCREMENT=18 ;


INSERT INTO `Supports` (`ID`, `nom`, `pti_nom`, `dossier`, `article_ID`) VALUES
(0, 'bouton poussoir', 'BP', 'BP', 1),
(1, 'but&eacute;e 5 axes', 'butee', 'butee5axes', 2),
(2, 'cambreuse', 'cambreuse', 'cambreuse', 2),
(3, 'cric bouteille', 'cric', 'cric_bouteille', 1),
(4, 'cric hydraulique 2 tonnes', 'cric', 'cric_hydraulique', 1),
(5, '&eacute;lectrovanne', 'electrovanne', 'electrovanne', 3),
(6, '&eacute;tau de mod&eacute;lisme', 'etau', 'etau', 3),
(7, 'extracteur de roulement', 'extracteur', 'extracteur2roulement', 3),
(8, 'mini coupe-tube', 'mini_coupe-tube', 'coupe-tube', 1),
(9, 'pince de marquage', 'pince', 'x2marquage', 2),
(10, 'pince de robot', 'pince', 'pince2robot', 2),
(11, 'pompe &agrave; palettes', 'pompe', 'pompeApalettes', 2),
(12, 'pr&eacute;henseur de culasse', 'prehenseur', 'prehenseur', 1),
(13, 'vanne sph&eacute;rique', 'vanne', 'vanne', 2),
(14, 'alternateur', 'alternateur', 'alternateur', 3),
(15, 'casse-noix', 'casseNoix', 'casse_noix', 1),
(16, 'bride &agrave; nez', 'bride', 'brideAnez', 2),
(17, 'unit&eacute; de marquage', 'unite2marquage', 'unite2marquage', 3);

/*!40101 SET CHARACTER_SET_CLIENT=@OLD_CHARACTER_SET_CLIENT */;
/*!40101 SET CHARACTER_SET_RESULTS=@OLD_CHARACTER_SET_RESULTS */;
/*!40101 SET COLLATION_CONNECTION=@OLD_COLLATION_CONNECTION */;
